Speed,SteerAngle,YawRate,TurnRadius,GearPos
14.751180,1.375000,-0.476550,-1735.614014,3
14.751180,1.250000,-0.598739,-1590.411743,3
14.766806,1.187500,-0.476550,-1516.188843,3
14.782433,1.062500,-0.476550,-1610.867554,3
14.782433,1.000000,-0.354361,-1849.453613,3
14.766806,0.875000,-0.476550,-1818.336182,3
14.798059,0.750000,-0.354361,-2007.588501,3
14.798059,0.750000,-0.232172,-2446.989258,3
14.782433,0.687500,-0.232172,-2818.044189,3
14.798059,0.687500,-0.232172,-3096.011230,3
14.829311,0.687500,-0.232172,-3294.617920,3
14.829311,0.562500,-0.232172,-3434.883057,3
14.844937,0.562500,-0.354361,-3524.438721,3
14.876190,0.375000,-0.354361,-2977.532227,3
14.860563,0.375000,-0.354361,-2717.630615,3
14.938695,0.250000,-0.109983,-3685.767578,3
14.860563,0.187500,-0.232172,-3659.150146,3
14.891816,0.062500,-0.109983,-4647.858887,3
14.860563,0.062500,0.012206,-8060.104004,3
14.907442,0.062500,0.134395,-13666.539063,3
14.954321,0.062500,-0.109983,-13695.190430,3
14.923069,0.062500,-0.109983,-10501.766602,3
14.938695,0.062500,0.012206,-13709.515625,3
14.969948,0.062500,-0.109983,-10529.000977,3
14.954321,0.062500,-0.109983,-9228.691406,3
14.969948,0.062500,-0.109983,-8604.054688,3
14.969948,0.062500,-0.109983,-8263.310547,3
14.985574,0.000000,-0.109983,-8079.608887,3
14.954321,0.000000,0.012206,-13752.492188,3
14.969948,0.000000,0.134395,13723.841797,3
14.969948,-0.125000,0.012206,13781.143555,3
15.032453,-0.125000,0.012206,13781.143555,3
15.032453,-0.250000,0.134395,9425.987305,3
15.032453,-0.250000,0.012206,13781.143555,3
15.063704,-0.250000,0.012206,13809.793945,3
15.079331,-0.250000,0.134395,13809.793945,3
15.048079,-0.250000,0.134395,6144.630371,3
15.079331,-0.250000,0.012206,9721.988281,3
15.063704,-0.250000,0.012206,13838.445313,3
15.110583,-0.250000,0.134395,9470.850586,3
15.110583,-0.250000,0.134395,7964.770508,3
15.079331,-0.250000,0.134395,7259.287598,3
15.110583,-0.250000,0.134395,6915.059570,3
15.126210,-0.250000,0.134395,6723.549316,3
15.094957,-0.250000,0.012206,10547.158203,3
15.110583,-0.250000,0.012206,13867.096680,3
15.126210,-0.250000,0.134395,13881.421875,3
15.126210,-0.250000,0.134395,9478.316406,3
15.126210,-0.250000,0.134395,7978.287109,3
15.157462,-0.250000,0.134395,7292.966309,3
15.157462,-0.250000,0.012206,11411.071289,3
15.173089,-0.250000,0.012206,13910.073242,3
15.157462,-0.250000,0.012206,9493.233398,3
15.188715,-0.250000,0.012206,13924.398438,3
15.188715,-0.250000,0.012206,13924.398438,3
15.219967,-0.250000,0.012206,13924.398438,3
15.173089,-0.250000,0.012206,13910.073242,3
15.188715,-0.250000,0.134395,9508.136719,3
15.219967,-0.250000,0.256584,5498.128418,3
15.188715,-0.250000,0.134395,5858.768555,3
15.204341,-0.250000,0.134395,6105.992676,3
15.219967,-0.250000,0.012206,9689.545898,3
15.219967,-0.250000,0.012206,13953.048828,3
15.251220,-0.250000,0.012206,13981.700195,3
15.251220,-0.250000,0.012206,13981.700195,3
15.251220,-0.250000,-0.109983,-13967.375000,3
15.251220,-0.250000,0.012206,-10691.774414,3
15.266846,-0.250000,0.012206,-13996.025391,3
15.251220,-0.250000,0.012206,-13996.025391,3
15.266846,-0.250000,0.012206,-13996.025391,3
15.266846,-0.312500,0.012206,-13996.025391,3
15.298099,-0.125000,0.012206,-14024.676758,3
15.313725,0.000000,0.012206,-14024.676758,3
15.298099,0.000000,0.012206,-14024.676758,3
15.298099,0.000000,0.012206,-14024.676758,3
15.298099,0.000000,-0.109983,-10718.798828,3
15.329351,0.000000,0.012206,-9419.668945,3
15.344977,0.000000,0.012206,-14067.653320,3
15.313725,0.000000,0.012206,-14039.001953,3
15.329351,0.000000,-0.109983,-10736.800781,3
15.344977,0.000000,-0.109983,-9417.889648,3
15.329351,0.062500,-0.109983,-8778.017578,3
15.407482,0.062500,-0.109983,-8454.521484,3
15.251220,0.062500,-0.109983,-8206.517578,3
15.360603,0.187500,0.012206,-14081.978516,3
15.329351,0.187500,-0.109983,-10718.798828,3
15.313725,0.187500,-0.109983,-9410.956055,3
15.344977,0.250000,-0.109983,-8787.882813,3
15.376230,0.375000,-0.109983,-8446.674805,3
15.360603,0.375000,-0.109983,-8264.805664,3
15.376230,0.500000,-0.232172,-8164.108398,3
15.344977,0.562500,-0.109983,-8084.445801,3
15.329351,1.000000,-0.232172,-8039.330566,3
15.313725,1.062500,-0.232172,-5511.798828,3
15.344977,1.062500,-0.354361,-3684.847656,3
15.360603,1.062500,-0.476550,-3080.123535,3
15.344977,1.062500,-0.354361,-2805.756592,3
15.344977,1.062500,-0.354361,-2662.425049,3
15.360603,1.062500,-0.476550,-2588.143799,3
15.376230,1.062500,-0.476550,-2226.579102,3
15.376230,1.062500,-0.354361,-2323.108887,3
15.360603,1.062500,-0.476550,-2102.349854,3
15.344977,1.062500,-0.354361,-2240.165771,3
15.360603,1.062500,-0.476550,-2062.549805,3
15.360603,1.062500,-0.476550,-1968.916748,3
15.329351,1.062500,-0.354361,-2150.411133,3
15.313725,1.062500,-0.354361,-2613.485840,3
15.313725,1.062500,-0.354361,-2549.834229,3
15.344977,1.062500,-0.354361,-2527.003174,3
15.376230,1.187500,-0.232172,-2927.290039,3
15.360603,1.187500,-0.354361,-3224.451416,3
15.360603,1.187500,-0.354361,-2875.251221,3
15.344977,1.250000,-0.354361,-2699.179199,3
15.360603,1.375000,-0.232172,-3059.837646,3
15.344977,1.562500,-0.354361,-2793.089355,3
15.344977,1.875000,-0.354361,-2657.165771,3
15.376230,2.187500,-0.476550,-2587.772461,3
15.376230,2.375000,-0.476550,-2225.263672,3
15.360603,2.500000,-0.598739,-2054.727051,3
15.391856,2.500000,-0.598739,-1770.579956,3
15.360603,2.500000,-0.598739,-1631.082275,3
15.360603,2.500000,-0.598739,-1562.293579,3
15.391856,2.500000,-0.598739,-1403.860107,3
15.360603,2.500000,-0.598739,-1429.169189,3
15.376230,2.500000,-0.598739,-1446.987549,3
15.407482,2.500000,-0.720928,-1348.618652,3
15.407482,2.500000,-0.598739,-1391.466431,3
15.376230,2.500000,-0.720928,-1318.566528,3
15.391856,2.500000,-0.720928,-1279.991577,3
15.376230,2.375000,-0.720928,-1254.251831,3
15.391856,2.250000,-0.720928,-1239.680420,3
15.376230,2.187500,-0.598739,-1325.568848,3
15.376230,2.062500,-0.720928,-1382.831421,3
15.376230,1.875000,-0.720928,-1311.717896,3
15.391856,1.750000,-0.598739,-1373.878784,3
15.391856,1.687500,-0.476550,-1535.170410,3
15.360603,1.687500,-0.476550,-1646.329102,3
15.391856,1.687500,-0.598739,-1572.721802,3
15.391856,1.687500,-0.476550,-1675.324829,3
15.376230,1.687500,-0.476550,-1740.824097,3
15.391856,1.687500,-0.476550,-1624.651123,3
15.407482,1.562500,-0.476550,-1709.440552,3
15.391856,1.562500,-0.476550,-1763.241821,3
15.376230,1.500000,-0.476550,-1796.011353,3
15.376230,1.375000,-0.476550,-1817.134155,3
15.391856,1.250000,-0.476550,-1831.754639,3
15.407482,1.000000,-0.354361,-2055.035156,3
15.391856,0.750000,-0.354361,-2210.838135,3
15.391856,0.562500,-0.232172,-2668.284912,3
15.407482,0.375000,-0.354361,-2593.085449,3
15.407482,0.187500,-0.232172,-2979.899902,3
15.391856,0.000000,-0.109983,-4003.494629,3
15.360603,-0.125000,-0.232172,-3909.469971,3
15.344977,-0.250000,-0.232172,-3856.384277,3
15.360603,-0.437500,0.012206,-6760.774902,3
15.344977,-0.500000,0.134395,-14067.653320,3
15.360603,-0.625000,0.012206,-14067.653320,3
15.344977,-0.625000,0.134395,14067.653320,3
15.344977,-0.750000,0.134395,9567.602539,3
15.313725,-0.750000,0.256584,5529.123535,3
15.313725,-0.750000,0.378773,3531.276855,3
15.251220,-0.750000,0.256584,3475.152100,3
15.219967,-0.750000,0.256584,4282.664063,3
15.251220,-0.625000,0.134395,4969.746094,3
15.235594,-0.500000,0.134395,5488.110840,3
15.219967,-0.437500,0.134395,5849.333496,3
15.204341,-0.312500,0.134395,6092.126953,3
15.219967,-0.125000,0.134395,6246.556152,3
15.219967,0.187500,0.012206,9900.103516,3
15.204341,0.375000,-0.109983,13938.723633,3
15.188715,0.562500,-0.109983,-13924.398438,3
15.204341,0.687500,-0.232172,-6647.003418,3
15.204341,0.750000,-0.354361,-3928.285889,3
15.157462,0.750000,-0.354361,-3160.251953,3
15.173089,0.750000,-0.232172,-3374.789795,3
15.141836,0.750000,-0.232172,-3507.357910,3
15.141836,0.750000,-0.232172,-3596.325928,3
15.141836,0.875000,-0.354361,-3024.949219,3
15.141836,0.875000,-0.354361,-2762.823730,3
15.126210,0.875000,-0.354361,-2624.279541,3
15.141836,0.875000,-0.354361,-2551.968994,3
15.126210,0.875000,-0.354361,-2506.621338,3
15.141836,0.750000,-0.232172,-2481.777100,3
15.126210,0.750000,-0.232172,-2868.829834,3
15.126210,0.750000,-0.232172,-3163.619141,3
15.079331,0.750000,-0.232172,-3359.593750,3
15.126210,0.750000,-0.354361,-2925.100586,3
15.126210,0.750000,-0.354361,-2711.230225,3
15.126210,0.750000,-0.232172,-2600.346924,3
15.141836,0.750000,-0.354361,-2536.889648,3
15.141836,0.750000,-0.232172,-2910.467773,3
15.141836,0.750000,-0.232172,-3197.263916,3
15.157462,0.750000,-0.354361,-3391.060059,3
15.157462,0.750000,-0.354361,-2939.982910,3
15.126210,0.750000,-0.232172,-3210.549316,3
15.126210,0.750000,-0.232172,-3402.208740,3
15.141836,0.750000,-0.354361,-3528.044922,3
15.126210,0.750000,-0.354361,-2994.653320,3
15.126210,0.750000,-0.232172,-2749.216797,3
15.141836,0.750000,-0.232172,-3076.794922,3
15.126210,0.750000,-0.354361,-2785.776123,3
15.126210,0.750000,-0.354361,-2638.161865,3
15.126210,0.750000,-0.354361,-2562.363525,3
15.141836,0.750000,-0.354361,-2513.648193,3
15.141836,0.750000,-0.354361,-2486.917236,3
15.141836,0.687500,-0.354361,-2471.223877,3
15.126210,0.687500,-0.232172,-2864.959229,3
15.157462,0.687500,-0.232172,-3163.539307,3
15.188715,0.687500,-0.109983,-4171.544922,3
15.141836,0.687500,-0.232172,-3982.466064,3
15.094957,0.562500,-0.354361,-3171.454590,3
15.157462,0.562500,-0.232172,-3387.621094,3
15.141836,0.562500,-0.232172,-3510.413330,3
15.126210,0.500000,-0.232172,-3599.010010,3
15.157462,0.500000,-0.354361,-3030.401123,3
15.157462,0.375000,-0.109983,-4032.124756,3
15.173089,0.375000,-0.109983,-5029.301758,3
15.188715,0.375000,-0.109983,-5901.229980,3
15.157462,0.250000,-0.109983,-6568.922363,3
15.173089,0.250000,-0.109983,-7049.552734,3
15.173089,0.187500,-0.232172,-5198.397461,3
15.173089,0.187500,-0.232172,-4494.371094,3
15.126210,0.187500,-0.354361,-3362.132080,3
15.157462,0.187500,-0.232172,-3505.139648,3
15.141836,0.187500,-0.232172,-3592.662842,3
15.141836,0.062500,-0.109983,-4602.263672,3
15.110583,0.062500,-0.109983,-4209.540039,3
15.110583,0.062500,-0.109983,-5170.769531,3
15.126210,0.062500,-0.109983,-6005.669922,3
15.094957,0.062500,-0.232172,-4815.098633,3
15.063704,0.062500,-0.109983,-5690.416504,3
15.094957,0.062500,-0.109983,-6410.447266,3
15.094957,0.000000,-0.109983,-6909.663086,3
15.048079,0.000000,0.012206,-12329.026367,3
15.063704,0.000000,-0.109983,-10035.669922,3
15.048079,0.000000,-0.232172,-5962.281250,3
15.063704,-0.125000,0.012206,-6580.769043,3
14.969948,-0.125000,0.012206,-11645.763672,3
15.001200,-0.125000,-0.109983,-9746.852539,3
14.985574,-0.125000,-0.109983,-8861.222656,3
14.969948,-0.125000,0.012206,-13723.841797,3
14.954321,-0.125000,0.012206,-13709.515625,3
14.923069,-0.125000,0.134395,-13695.190430,3
14.923069,-0.125000,0.012206,-13680.865234,3
14.907442,-0.125000,0.012206,-13666.539063,3
14.876190,-0.125000,-0.109983,-10474.504883,3
14.876190,-0.125000,-0.109983,-9190.196289,3
14.876190,-0.125000,-0.109983,-8558.003906,3
14.813684,-0.125000,-0.109983,-8209.065430,3
14.844937,-0.125000,0.012206,-13609.237305,3
14.813684,0.000000,0.012206,-13580.585938,3
14.813684,0.000000,0.012206,-13580.585938,3
14.798059,0.000000,-0.109983,-10429.000000,3
14.798059,0.000000,-0.109983,-9150.759766,3
14.798059,0.000000,-0.109983,-8519.986328,3
14.766806,0.062500,-0.109983,-8162.659180,3
14.766806,0.187500,-0.109983,-7962.021973,3
14.766806,0.187500,-0.109983,-7858.423340,3
14.719928,0.687500,-0.232172,-5384.252441,3
14.719928,1.062500,-0.109983,-6096.591797,3
14.719928,1.562500,-0.232172,-4809.938965,3
14.704301,2.062500,-0.354361,-3426.343018,3
14.673049,2.500000,-0.476550,-2918.931641,3
14.657422,2.875000,-0.598739,-2045.606689,3
14.673049,3.062500,-0.720928,-1578.316406,3
14.626170,3.062500,-0.843117,-1280.372437,3
14.641796,3.062500,-0.965306,-1080.250610,3
14.626170,3.062500,-0.965306,-985.144226,3
14.594917,3.000000,-0.843117,-931.806946,3
14.594917,2.750000,-0.843117,-955.727966,3
14.563664,2.500000,-0.965306,-916.660034,3
14.563664,2.250000,-0.843117,-943.928406,3
14.548038,2.062500,-0.720928,-961.336548,3
14.532413,2.000000,-0.598739,-1091.558838,3
14.501160,1.875000,-0.598739,-1188.960449,3
14.501160,1.250000,-0.598739,-1259.307007,3
14.438655,0.750000,-0.476550,-1303.563232,3
14.423029,0.500000,-0.354361,-1569.303711,3
14.423029,0.062500,-0.232172,-2002.098145,3
14.391776,-0.250000,-0.232172,-2407.958740,3
14.407402,-0.312500,-0.109983,-3272.966553,3
14.376150,-0.500000,-0.109983,-4179.187988,3
14.344897,-0.625000,0.012206,-5030.321289,3
14.344897,-0.750000,0.012206,-8610.631836,3
14.313644,-0.750000,0.134395,-13122.168945,3
14.266767,-0.937500,0.134395,13079.193359,3
14.235514,-1.125000,0.256584,5958.176758,3
14.219888,-1.500000,0.256584,4447.828613,3
14.204261,-1.750000,0.378773,3150.791260,3
14.141756,-1.812500,0.378773,2661.695068,3
14.188635,-1.937500,0.378773,2441.668457,3
14.141756,-1.937500,0.378773,2311.817871,3
14.063624,-1.937500,0.378773,2242.557617,3
14.126130,-1.937500,0.378773,2199.445557,3
14.063624,-2.000000,0.378773,2165.537354,3
14.047998,-2.125000,0.623151,1720.843140,3
14.047998,-2.250000,0.623151,1524.385376,3
13.954241,-2.250000,0.623151,1419.246582,3
13.969868,-2.250000,0.745340,1267.014404,3
13.954241,-2.250000,0.623151,1271.274414,3
13.954241,-2.250000,0.623151,1274.285522,3
13.938615,-2.250000,0.500962,1379.118774,3
13.860483,-2.250000,0.500962,1451.704102,3
13.876110,-2.250000,0.500962,1496.754272,3
14.001120,-2.250000,0.500962,1543.623413,3
13.829231,-2.125000,0.378773,1698.082153,3
13.844857,-2.125000,0.500962,1845.128296,3
13.860483,-2.125000,0.378773,1924.103271,3
13.813605,-2.000000,0.623151,1784.351685,3
13.907362,-2.000000,0.623151,1553.210938,3
13.844857,-1.937500,0.623151,1430.511475,3
13.844857,-1.812500,0.623151,1366.775269,3
13.860483,-1.500000,0.378773,1442.805786,3
13.860483,-1.250000,0.378773,1635.164185,3
13.844857,-0.750000,0.378773,1781.085205,3
13.844857,0.000000,0.256584,2119.759521,3
13.829231,0.750000,0.012206,2790.941895,3
13.829231,1.250000,0.012206,4363.533203,3
13.813605,1.687500,-0.109983,11037.616211,3
13.829231,1.687500,-0.232172,-12678.079102,3
13.797978,1.750000,-0.476550,-3623.797607,3
13.782352,1.875000,-0.476550,-2505.159180,3
13.782352,1.750000,-0.476550,-1874.251587,3
13.782352,1.750000,-0.476550,-1785.117188,3
13.797978,1.687500,-0.476550,-1736.702881,3
13.797978,1.562500,-0.598739,-1552.671753,3
13.782352,1.500000,-0.476550,-1591.003540,3
13.751100,1.375000,-0.476550,-1610.345459,3
13.766726,1.375000,-0.476550,-1629.930908,3
13.751100,1.375000,-0.476550,-1636.298584,3
13.735474,1.375000,-0.354361,-1813.927856,3
13.751100,1.375000,-0.354361,-1950.004761,3
13.735474,1.375000,-0.476550,-2039.479004,3
13.735474,1.375000,-0.354361,-2105.429932,3
13.719848,1.375000,-0.354361,-2144.792725,3
13.719848,1.375000,-0.476550,-1928.089966,3
13.704221,1.250000,-0.354361,-2022.630737,3
13.704221,1.250000,-0.354361,-2092.383301,3
13.704221,1.250000,-0.354361,-2131.982910,3
13.704221,1.250000,-0.354361,-2165.745117,3
13.672969,1.250000,-0.354361,-2179.215820,3
13.688595,1.250000,-0.354361,-2193.424561,3
13.657342,1.187500,-0.354361,-2195.790283,3
13.657342,1.187500,-0.354361,-2200.437744,3
13.657342,1.187500,-0.476550,-1952.677246,3
13.641716,1.187500,-0.354361,-2038.413086,3
13.704221,1.187500,-0.232172,-2368.396484,3
13.563585,1.062500,-0.232172,-2661.207031,3
13.626090,1.062500,-0.354361,-2901.533936,3
13.579211,1.062500,-0.354361,-2583.560547,3
13.626090,1.062500,-0.354361,-2432.396240,3
13.579211,1.062500,-0.354361,-2333.828613,3
13.594837,1.062500,-0.354361,-2280.501953,3
13.579211,1.062500,-0.354361,-2248.219971,3
13.563585,1.062500,-0.354361,-2225.849121,3
13.563585,1.062500,-0.354361,-2213.588379,3
13.516706,1.062500,-0.232172,-2528.764893,3
13.516706,1.062500,-0.232172,-2773.187500,3
13.501080,1.062500,-0.232172,-2954.348389,3
13.469828,1.062500,-0.232172,-3076.282471,3
13.469828,1.062500,-0.232172,-3163.436035,3
13.485454,1.062500,-0.232172,-3224.766602,3
13.485454,1.062500,-0.354361,-3266.012939,3
13.454201,1.062500,-0.354361,-2750.967041,3
13.485454,1.062500,-0.476550,-2190.090332,3
13.438575,1.062500,-0.354361,-2178.941406,3
13.422949,1.062500,-0.354361,-2176.715820,3
13.407322,1.062500,-0.354361,-2170.256348,3
13.391696,1.062500,-0.354361,-2171.902588,3
13.391696,1.062500,-0.354361,-2166.290527,3
13.391696,1.062500,-0.354361,-2165.939697,3
13.376070,1.062500,-0.232172,-2477.170898,3
13.360444,1.062500,-0.354361,-2351.554199,3
13.360444,1.062500,-0.354361,-2275.875244,3
13.376070,1.062500,-0.232172,-2571.255615,3
13.376070,1.062500,-0.232172,-2798.654785,3
13.297938,1.000000,-0.232172,-2946.417236,3
13.329191,1.000000,-0.232172,-3068.284912,3
13.297938,1.000000,-0.354361,-2647.399414,3
13.266686,1.000000,-0.232172,-2844.156006,3
13.266686,1.000000,-0.232172,-2987.471191,3
13.251060,0.875000,-0.232172,-3082.445557,3
13.235434,0.875000,-0.354361,-2657.014160,3
13.219808,0.875000,-0.354361,-2437.495850,3
13.204181,0.875000,-0.232172,-2681.494873,3
13.204181,0.875000,-0.232172,-2866.328857,3
13.188555,0.750000,-0.232172,-2990.398438,3
13.172929,0.750000,-0.232172,-3080.117920,3
13.141676,0.750000,-0.232172,-3136.308350,3
13.141676,0.750000,-0.232172,-3171.844238,3
13.126050,0.750000,-0.232172,-3193.552979,3
13.126050,0.750000,-0.232172,-3210.011230,3
13.126050,0.750000,-0.232172,-3216.748535,3
13.079171,0.750000,-0.232172,-3215.823242,3
13.094797,0.750000,-0.354361,-2709.216553,3
13.063545,0.750000,-0.232172,-2870.392822,3
13.047918,0.750000,-0.232172,-2985.122314,3
13.032292,0.750000,-0.232172,-3062.129150,3
13.016666,0.750000,-0.354361,-2634.819824,3
13.016666,0.750000,-0.232172,-2812.720459,3
13.001040,0.750000,-0.232172,-2941.075439,3
12.985414,0.750000,-0.232172,-3028.339111,3
12.954161,0.687500,-0.354361,-2609.824707,3
12.969788,0.687500,-0.232172,-2795.312744,3
12.922909,0.687500,-0.232172,-2917.704590,3
12.922909,0.687500,-0.232172,-3009.552979,3
12.922909,0.687500,-0.232172,-3071.585205,3
12.907283,0.687500,-0.232172,-3108.945801,3
12.876030,0.687500,-0.232172,-3128.253906,3
12.860404,0.687500,-0.232172,-3141.909180,3
12.797898,0.687500,-0.109983,-3855.434814,3
12.782272,0.375000,0.134395,-9797.045898,3
12.641636,0.375000,-0.232172,-8326.409180,3
12.969788,0.375000,0.012206,-11890.175781,3
12.672889,0.375000,-0.232172,-5928.912109,3
12.813525,0.375000,-0.109983,-6220.710938,3
12.844777,0.375000,-0.232172,-6335.870117,3
12.704141,0.375000,-0.109983,-6422.762695,3
12.719768,0.375000,-0.109983,-4697.687500,3
12.704141,0.375000,-0.232172,-3985.008545,3
12.704141,0.375000,-0.232172,-3636.059326,3
12.672889,0.375000,-0.232172,-3433.270996,3
12.672889,0.375000,-0.232172,-3318.603271,3
12.657263,0.375000,-0.109983,-4020.687012,3
12.657263,0.375000,-0.109983,-4663.375488,3
12.657263,0.375000,-0.109983,-5201.158691,3
12.626010,0.375000,-0.109983,-5613.077148,3
12.626010,0.375000,0.012206,-9128.516602,3
12.610384,0.250000,-0.232172,-8021.612793,3
12.579131,0.250000,-0.232172,-5147.001953,3
12.579131,0.187500,-0.109983,-5567.026367,3
12.594757,0.187500,-0.109983,-5885.655273,3
12.594757,0.062500,-0.109983,-6075.877930,3
12.610384,0.000000,-0.109983,-6266.914551,3
12.532252,-0.125000,-0.109983,-6330.357910,3
12.563505,-0.312500,-0.109983,-10331.355469,3
12.594757,-0.437500,0.012206,-8603.889648,3
12.532252,-0.500000,0.012206,-11489.061523,3
12.532252,-0.750000,0.012206,-11517.712891,3
12.563505,-0.937500,0.012206,-11517.712891,3
12.532252,-1.000000,0.134395,11489.061523,3
12.547878,-1.125000,0.134395,8194.956055,3
12.547878,-1.125000,0.256584,4895.490234,3
12.532252,-1.125000,0.256584,3871.928955,3
12.532252,-1.125000,0.256584,3412.931152,3
12.532252,-1.125000,0.256584,3168.989258,3
12.532252,-1.125000,0.256584,3021.117188,3
12.532252,-1.000000,0.256584,2943.794922,3
12.547878,-1.000000,0.256584,2894.741699,3
12.532252,-1.000000,0.134395,3445.547119,3
12.547878,-0.937500,0.134395,3941.023193,3
12.547878,-0.937500,0.134395,4342.290039,3
12.516626,-0.937500,0.256584,3632.043457,3
12.500999,-0.937500,0.256584,3283.371094,3
12.516626,-0.937500,0.256584,3096.373291,3
12.563505,-0.937500,0.256584,2994.576172,3
12.547878,-0.937500,0.256584,2488.146484,3
12.500999,-0.937500,0.256584,2580.016357,3
12.547878,-0.937500,0.256584,2660.453613,3
12.516626,-0.937500,0.134395,3221.077881,3
12.547878,-0.937500,0.256584,3065.161621,3
12.532252,-0.937500,0.256584,2963.760254,3
12.563505,-0.937500,0.134395,2910.793213,3
12.579131,-0.937500,-0.109983,5922.876465,3
12.500999,-0.937500,0.012206,8591.707031,3
12.547878,-0.937500,0.378773,3846.720703,3
12.454122,-0.937500,0.134395,2817.626221,3
12.563505,-0.937500,-0.109983,5700.411621,3
12.532252,-0.937500,0.378773,4141.688477,3
12.516626,-0.812500,0.378773,2936.705811,3
12.532252,-0.750000,0.256584,2461.531494,3
12.438495,-0.500000,0.134395,3012.106201,3
12.516626,0.187500,0.134395,3571.553711,3
12.454122,1.000000,0.134395,4017.510742,3
12.532252,1.562500,0.134395,4419.865234,3
12.532252,2.187500,-0.232172,10674.459961,3
12.579131,2.687500,-0.598739,-5810.062500,3
12.626010,2.750000,-0.598739,-2481.874512,3
12.547878,2.687500,-0.720928,-1625.861084,3
12.594757,2.687500,-0.720928,-1335.678955,3
12.547878,2.687500,-0.598739,-1280.473999,3
12.516626,2.562500,-0.598739,-1249.254272,3
12.500999,2.500000,-0.476550,-1229.213379,3
12.547878,2.500000,-0.476550,-1318.101196,3
12.547878,2.500000,-0.476550,-1379.248291,3
12.532252,2.375000,-0.598739,-1418.445679,3
12.516626,2.375000,-0.720928,-1234.291626,3
12.500999,2.375000,-0.598739,-1219.744873,3
12.500999,2.375000,-0.476550,-1309.329102,3
12.500999,2.375000,-0.598739,-1265.427490,3
12.500999,2.500000,-0.598739,-1240.343506,3
12.516626,2.750000,-0.598739,-1226.082764,3
12.516626,3.562500,-0.598739,-1214.515381,3
12.500999,4.000000,-0.720928,-1126.798950,3
12.485373,4.375000,-0.843117,-1010.113647,3
12.469748,5.000000,-0.965306,-948.163086,3
12.469748,5.500000,-1.087495,-819.875854,3
12.454122,5.750000,-1.209684,-721.143799,3
12.469748,6.000000,-1.454062,-641.198059,3
12.407243,6.187500,-1.576251,-559.113770,3
12.438495,6.187500,-1.576251,-517.892578,3
12.407243,6.250000,-1.698440,-477.284363,3
12.391616,6.250000,-1.698440,-455.612213,3
12.391616,6.062500,-1.698440,-441.095337,3
12.360364,5.875000,-1.454062,-455.261719,3
12.344737,5.562500,-1.576251,-465.222687,3
12.329111,5.375000,-1.576251,-458.792175,3
12.313485,5.187500,-1.576251,-454.480377,3
12.266606,5.062500,-1.331873,-476.734161,3
12.250979,5.062500,-1.454062,-477.990967,3
11.829071,5.000000,-1.087495,-476.556549,3
12.751019,3.875000,-0.598739,-631.714722,3
12.329111,3.500000,-1.087495,-586.038086,3
12.110344,3.687500,-0.720928,-699.209351,3
12.125970,3.000000,-0.843117,-738.142639,3
12.016586,3.062500,-0.965306,-806.878235,3
12.094717,3.062500,-1.087495,-736.125061,3
12.094717,3.062500,-1.087495,-699.038818,3
0.000000,0.000000,-119.977409,-0.000000,0
0.000000,0.000000,-119.977409,-0.000000,0
0.000000,0.000000,-119.977409,-0.000000,0
0.000000,0.000000,-119.977409,-0.000000,0
0.000000,0.000000,-119.977409,-0.000000,0
0.000000,0.000000,-119.977409,-0.000000,0
0.000000,0.000000,-119.977409,-0.000000,0
0.000000,0.000000,-119.977409,-0.000000,0
0.000000,0.000000,-119.977409,-0.000000,0
0.000000,0.000000,-119.977409,-0.000000,0
0.000000,0.000000,-119.977409,-0.000000,0
0.000000,0.000000,-119.977409,-0.000000,0
0.000000,0.000000,-119.977409,-0.000000,0
0.000000,0.000000,-119.977409,-0.000000,0
0.000000,0.000000,-119.977409,-0.000000,0
0.000000,0.000000,-119.977409,-0.000000,0
0.000000,0.000000,-119.977409,-0.000000,0
0.000000,0.000000,-119.977409,-0.000000,0
0.000000,0.000000,-119.977409,-0.000000,0
0.000000,0.000000,-119.977409,-0.000000,0
0.000000,0.000000,-119.977409,-0.000000,0
0.000000,0.000000,-119.977409,-0.000000,0
0.000000,0.000000,-119.977409,-0.000000,0
0.000000,0.000000,-119.977409,-0.000000,0
0.000000,0.000000,-119.977409,-0.000000,0
0.000000,0.000000,-119.977409,-0.000000,0
0.000000,0.000000,-119.977409,-0.000000,0
0.000000,0.000000,-119.977409,-0.000000,0
0.000000,0.000000,-119.977409,-0.000000,0
0.000000,0.000000,-119.977409,-0.000000,0
0.000000,0.000000,-119.977409,-0.000000,0
0.000000,0.000000,-119.977409,-0.000000,0
0.000000,0.000000,-119.977409,-0.000000,0
0.000000,0.000000,-119.977409,-0.000000,0
0.000000,0.000000,-119.977409,-0.000000,0
0.000000,0.000000,-119.977409,-0.000000,0
0.000000,0.000000,-119.977409,-0.000000,0
0.000000,0.000000,-119.977409,-0.000000,0
0.000000,0.000000,-119.977409,-0.000000,0
0.000000,0.000000,-119.977409,-0.000000,0
0.000000,0.000000,-119.977409,-0.000000,0
0.000000,0.000000,-119.977409,-0.000000,0
0.000000,0.000000,-119.977409,-0.000000,0
0.000000,0.000000,-119.977409,-0.000000,0
0.000000,0.000000,-119.977409,-0.000000,0
0.000000,0.000000,-119.977409,-0.000000,0
0.000000,0.000000,-119.977409,-0.000000,0
0.000000,0.000000,-119.977409,-0.000000,0
0.000000,0.000000,-119.977409,-0.000000,0
0.000000,0.000000,-119.977409,-0.000000,0
0.000000,0.000000,-119.977409,-0.000000,0
0.000000,0.000000,-119.977409,-0.000000,0
0.000000,0.000000,-119.977409,-0.000000,0
0.000000,0.000000,-119.977409,-0.000000,0
0.000000,0.000000,-119.977409,-0.000000,0
0.000000,0.000000,-119.977409,-0.000000,0
0.000000,0.000000,-119.977409,-0.000000,0
0.000000,0.000000,-119.977409,-0.000000,0
0.000000,0.000000,-119.977409,-0.000000,0
0.000000,0.000000,-119.977409,-0.000000,0
0.000000,0.000000,-119.977409,-0.000000,0
0.000000,0.000000,-119.977409,-0.000000,0
0.000000,0.000000,-119.977409,-0.000000,0
0.000000,0.000000,-119.977409,-0.000000,0
0.000000,0.000000,-119.977409,-0.000000,0
0.000000,0.000000,-119.977409,-0.000000,0
0.000000,0.000000,-119.977409,-0.000000,0
0.000000,0.000000,-119.977409,-0.000000,0
0.000000,0.000000,-119.977409,-0.000000,0
0.000000,0.000000,-119.977409,-0.000000,0
0.000000,0.000000,-119.977409,-0.000000,0
0.000000,0.000000,-119.977409,-0.000000,0
0.000000,0.000000,-119.977409,-0.000000,0
0.000000,0.000000,-119.977409,-0.000000,0
0.000000,0.000000,-119.977409,-0.000000,0
0.000000,0.000000,-119.977409,-0.000000,0
0.000000,0.000000,-119.977409,-0.000000,0
0.000000,0.000000,-119.977409,-0.000000,0
0.000000,0.000000,-119.977409,-0.000000,0
0.000000,0.000000,-119.977409,-0.000000,0
0.000000,0.000000,-119.977409,-0.000000,0
0.000000,0.000000,-119.977409,-0.000000,0
0.000000,0.000000,-119.977409,-0.000000,0
0.000000,0.000000,-119.977409,-0.000000,0
0.000000,0.000000,-119.977409,-0.000000,0
0.000000,0.000000,-119.977409,-0.000000,0
0.000000,0.000000,-119.977409,-0.000000,0
0.000000,0.000000,-119.977409,-0.000000,0
0.000000,0.000000,-119.977409,-0.000000,0
0.000000,0.000000,-119.977409,-0.000000,0
0.000000,0.000000,-119.977409,-0.000000,0
0.000000,0.000000,-119.977409,-0.000000,0
0.000000,0.000000,-119.977409,-0.000000,0
0.000000,0.000000,-119.977409,-0.000000,0
0.000000,0.000000,-119.977409,-0.000000,0
0.000000,0.000000,-119.977409,-0.000000,0
0.000000,0.000000,-119.977409,-0.000000,0
0.000000,0.000000,-119.977409,-0.000000,0
0.000000,0.000000,-119.977409,-0.000000,0
0.000000,0.000000,-119.977409,-0.000000,0
0.000000,0.000000,-119.977409,-0.000000,0
0.000000,0.000000,-119.977409,-0.000000,0
0.000000,0.000000,-119.977409,-0.000000,0
0.000000,0.000000,-119.977409,-0.000000,0
0.000000,0.000000,-119.977409,-0.000000,0
0.000000,0.000000,-119.977409,-0.000000,0
0.000000,0.000000,-119.977409,-0.000000,0
0.000000,0.000000,-119.977409,-0.000000,0
0.000000,0.000000,-119.977409,-0.000000,0
0.000000,0.000000,-119.977409,-0.000000,0
0.000000,0.000000,-119.977409,-0.000000,0
0.000000,0.000000,-119.977409,-0.000000,0
0.000000,0.000000,-119.977409,-0.000000,0
0.000000,0.000000,-119.977409,-0.000000,0
0.000000,0.000000,-119.977409,-0.000000,0
0.000000,0.000000,-119.977409,-0.000000,0
0.000000,0.000000,-119.977409,-0.000000,0
0.000000,0.000000,-119.977409,-0.000000,0
0.000000,0.000000,-119.977409,-0.000000,0
0.000000,0.000000,-119.977409,-0.000000,0
0.000000,0.000000,-119.977409,-0.000000,0
0.000000,0.000000,-119.977409,-0.000000,0
0.000000,0.000000,-119.977409,-0.000000,0
0.000000,0.000000,-119.977409,-0.000000,0
0.000000,0.000000,-119.977409,-0.000000,0
0.000000,0.000000,-119.977409,-0.000000,0
0.000000,0.000000,-119.977409,-0.000000,0
0.000000,0.000000,-119.977409,-0.000000,0
0.000000,0.000000,-119.977409,-0.000000,0
0.000000,0.000000,-119.977409,-0.000000,0
0.000000,0.000000,-119.977409,-0.000000,0
0.000000,0.000000,-119.977409,-0.000000,0
0.000000,0.000000,-119.977409,-0.000000,0
0.000000,0.000000,-119.977409,-0.000000,0
0.000000,0.000000,-119.977409,-0.000000,0
0.000000,0.000000,-119.977409,-0.000000,0
0.000000,0.000000,-119.977409,-0.000000,0
0.000000,0.000000,-119.977409,-0.000000,0
0.000000,0.000000,-119.977409,-0.000000,0
0.000000,0.000000,-119.977409,-0.000000,0
0.000000,0.000000,-119.977409,-0.000000,0
0.000000,0.000000,-119.977409,-0.000000,0
0.000000,0.000000,-119.977409,-0.000000,0
0.000000,0.000000,-119.977409,-0.000000,0
0.000000,0.000000,-119.977409,-0.000000,0
0.000000,0.000000,-119.977409,-0.000000,0
0.000000,0.000000,-119.977409,-0.000000,0
0.000000,0.000000,-119.977409,-0.000000,0
0.000000,0.000000,-119.977409,-0.000000,0
0.000000,0.000000,-119.977409,-0.000000,0
0.000000,0.000000,-119.977409,-0.000000,0
0.000000,0.000000,-119.977409,-0.000000,0
0.000000,0.000000,-119.977409,-0.000000,0
0.000000,0.000000,-119.977409,-0.000000,0
0.000000,0.000000,-119.977409,-0.000000,0
0.000000,0.000000,-119.977409,-0.000000,0
0.000000,0.000000,-119.977409,-0.000000,0
0.000000,0.000000,-119.977409,-0.000000,0
0.000000,0.000000,-119.977409,-0.000000,0
0.000000,0.000000,-119.977409,-0.000000,0
0.000000,0.000000,-119.977409,-0.000000,0
0.000000,0.000000,-119.977409,-0.000000,0
0.000000,0.000000,-119.977409,-0.000000,0
0.000000,0.000000,-119.977409,-0.000000,0
0.000000,0.000000,-119.977409,-0.000000,0
0.000000,0.000000,-119.977409,-0.000000,0
0.000000,0.000000,-119.977409,-0.000000,0
0.000000,0.000000,-119.977409,-0.000000,0
0.000000,0.000000,-119.977409,-0.000000,0
0.000000,0.000000,-119.977409,-0.000000,0
0.000000,0.000000,-119.977409,-0.000000,0
0.000000,0.000000,-119.977409,-0.000000,0
0.000000,0.000000,-119.977409,-0.000000,0
0.000000,0.000000,-119.977409,-0.000000,0
0.000000,0.000000,-119.977409,-0.000000,0
0.000000,0.000000,-119.977409,-0.000000,0
0.000000,0.000000,-119.977409,-0.000000,0
0.000000,0.000000,-119.977409,-0.000000,0
0.000000,0.000000,-119.977409,-0.000000,0
0.000000,0.000000,-119.977409,-0.000000,0
0.000000,0.000000,-119.977409,-0.000000,0
0.000000,0.000000,-119.977409,-0.000000,0
0.000000,0.000000,-119.977409,-0.000000,0
0.000000,0.000000,-119.977409,-0.000000,0
0.000000,0.000000,-119.977409,-0.000000,0
0.000000,0.000000,-119.977409,-0.000000,0
0.000000,0.000000,-119.977409,-0.000000,0
0.000000,0.000000,-119.977409,-0.000000,0
0.000000,0.000000,-119.977409,-0.000000,0
0.000000,0.000000,-119.977409,-0.000000,0
0.000000,0.000000,-119.977409,-0.000000,0
0.000000,0.000000,-119.977409,-0.000000,0
0.000000,0.000000,-119.977409,-0.000000,0
0.000000,0.000000,-119.977409,-0.000000,0
0.000000,0.000000,-119.977409,-0.000000,0
0.000000,0.000000,-119.977409,-0.000000,0
0.000000,0.000000,-119.977409,-0.000000,0
0.000000,0.000000,-119.977409,-0.000000,0
0.000000,0.000000,-119.977409,-0.000000,0
0.000000,0.000000,-119.977409,-0.000000,0
0.000000,0.000000,-119.977409,-0.000000,0
0.000000,0.000000,-119.977409,-0.000000,0
0.000000,0.000000,-119.977409,-0.000000,0
0.000000,0.000000,-119.977409,-0.000000,0
0.000000,0.000000,-119.977409,-0.000000,0
0.000000,0.000000,-119.977409,-0.000000,0
0.000000,0.000000,-119.977409,-0.000000,0
0.000000,0.000000,-119.977409,-0.000000,0
0.000000,0.000000,-119.977409,-0.000000,0
0.000000,0.000000,-119.977409,-0.000000,0
0.000000,0.000000,-119.977409,-0.000000,0
0.000000,0.000000,-119.977409,-0.000000,0
0.000000,0.000000,-119.977409,-0.000000,0
0.000000,0.000000,-119.977409,-0.000000,0
0.000000,0.000000,-119.977409,-0.000000,0
0.000000,0.000000,-119.977409,-0.000000,0
0.000000,0.000000,-119.977409,-0.000000,0
0.000000,0.000000,-119.977409,-0.000000,0
0.000000,0.000000,-119.977409,-0.000000,0
0.000000,0.000000,-119.977409,-0.000000,0
0.000000,0.000000,-119.977409,-0.000000,0
0.000000,0.000000,-119.977409,-0.000000,0
0.000000,0.000000,-119.977409,-0.000000,0
0.000000,0.000000,-119.977409,-0.000000,0
0.000000,0.000000,-119.977409,-0.000000,0
0.000000,0.000000,-119.977409,-0.000000,0
0.000000,0.000000,-119.977409,-0.000000,0
0.000000,0.000000,-119.977409,-0.000000,0
0.000000,0.000000,-119.977409,-0.000000,0
0.000000,0.000000,-119.977409,-0.000000,0
0.000000,0.000000,-119.977409,-0.000000,0
0.000000,0.000000,-119.977409,-0.000000,0
0.000000,0.000000,-119.977409,-0.000000,0
0.000000,0.000000,-119.977409,-0.000000,0
0.000000,0.000000,-119.977409,-0.000000,0
0.000000,0.000000,-119.977409,-0.000000,0
0.000000,0.000000,-119.977409,-0.000000,0
0.000000,0.000000,-119.977409,-0.000000,0
0.000000,0.000000,-119.977409,-0.000000,0
0.000000,0.000000,-119.977409,-0.000000,0
0.000000,0.000000,-119.977409,-0.000000,0
0.000000,0.000000,-119.977409,-0.000000,0
0.000000,0.000000,-119.977409,-0.000000,0
0.000000,0.000000,-119.977409,-0.000000,0
0.000000,0.000000,-119.977409,-0.000000,0
0.000000,0.000000,-119.977409,-0.000000,0
0.000000,0.000000,-119.977409,-0.000000,0
0.000000,0.000000,-119.977409,-0.000000,0
0.000000,0.000000,-119.977409,-0.000000,0
0.000000,0.000000,-119.977409,-0.000000,0
0.000000,0.000000,-119.977409,-0.000000,0
0.000000,0.000000,-119.977409,-0.000000,0
0.000000,0.000000,-119.977409,-0.000000,0
0.000000,0.000000,-119.977409,-0.000000,0
0.000000,0.000000,-119.977409,-0.000000,0
0.000000,0.000000,-119.977409,-0.000000,0
0.000000,0.000000,-119.977409,-0.000000,0
0.000000,0.000000,-119.977409,-0.000000,0
0.000000,0.000000,-119.977409,-0.000000,0
0.000000,0.000000,-119.977409,-0.000000,0
0.000000,0.000000,-119.977409,-0.000000,0
0.000000,0.000000,-119.977409,-0.000000,0
0.000000,0.000000,-119.977409,-0.000000,0
0.000000,0.000000,-119.977409,-0.000000,0
0.000000,0.000000,-119.977409,-0.000000,0
0.000000,0.000000,-119.977409,-0.000000,0
0.000000,0.000000,-119.977409,-0.000000,0
0.000000,0.000000,-119.977409,-0.000000,0
0.000000,0.000000,-119.977409,-0.000000,0
0.000000,0.000000,-119.977409,-0.000000,0
0.000000,0.000000,-119.977409,-0.000000,0
0.000000,0.000000,-119.977409,-0.000000,0
0.000000,0.000000,-119.977409,-0.000000,0
0.000000,0.000000,-119.977409,-0.000000,0
0.000000,0.000000,-119.977409,-0.000000,0
0.000000,0.000000,-119.977409,-0.000000,0
0.000000,0.000000,-119.977409,-0.000000,0
0.000000,0.000000,-119.977409,-0.000000,0
0.000000,0.000000,-119.977409,-0.000000,0
0.000000,0.000000,-119.977409,-0.000000,0
0.000000,0.000000,-119.977409,-0.000000,0
0.000000,0.000000,-119.977409,-0.000000,0
0.000000,0.000000,-119.977409,-0.000000,0
0.000000,0.000000,-119.977409,-0.000000,0
0.000000,0.000000,-119.977409,-0.000000,0
0.000000,0.000000,-119.977409,-0.000000,0
0.000000,0.000000,-119.977409,-0.000000,0
0.000000,0.000000,-119.977409,-0.000000,0
0.000000,0.000000,-119.977409,-0.000000,0
0.000000,0.000000,-119.977409,-0.000000,0
0.000000,0.000000,-119.977409,-0.000000,0
0.000000,0.000000,-119.977409,-0.000000,0
0.000000,0.000000,-119.977409,-0.000000,0
0.000000,0.000000,-119.977409,-0.000000,0
0.000000,0.000000,-119.977409,-0.000000,0
0.000000,0.000000,-119.977409,-0.000000,0
0.000000,0.000000,-119.977409,-0.000000,0
0.000000,0.000000,-119.977409,-0.000000,0
0.000000,0.000000,-119.977409,-0.000000,0
0.000000,0.000000,-119.977409,-0.000000,0
0.000000,0.000000,-119.977409,-0.000000,0
0.000000,0.000000,-119.977409,-0.000000,0
0.000000,0.000000,-119.977409,-0.000000,0
0.000000,0.000000,-119.977409,-0.000000,0
0.000000,0.000000,-119.977409,-0.000000,0
0.000000,0.000000,-119.977409,-0.000000,0
0.000000,0.000000,-119.977409,-0.000000,0
0.000000,0.000000,-119.977409,-0.000000,0
0.000000,0.000000,-119.977409,-0.000000,0
0.000000,0.000000,-119.977409,-0.000000,0
0.000000,0.000000,-119.977409,-0.000000,0
0.000000,0.000000,-119.977409,-0.000000,0
0.000000,0.000000,-119.977409,-0.000000,0
0.000000,0.000000,-119.977409,-0.000000,0
0.000000,0.000000,-119.977409,-0.000000,0
0.000000,0.000000,-119.977409,-0.000000,0
0.000000,0.000000,-119.977409,-0.000000,0
0.000000,0.000000,-119.977409,-0.000000,0
0.000000,0.000000,-119.977409,-0.000000,0
0.000000,0.000000,-119.977409,-0.000000,0
0.000000,0.000000,-119.977409,-0.000000,0
0.000000,0.000000,-119.977409,-0.000000,0
0.000000,0.000000,-119.977409,-0.000000,0
0.000000,0.000000,-119.977409,-0.000000,0
0.000000,0.000000,-119.977409,-0.000000,0
0.000000,0.000000,-119.977409,-0.000000,0
0.000000,0.000000,-119.977409,-0.000000,0
0.000000,0.000000,-119.977409,-0.000000,0
0.000000,0.000000,-119.977409,-0.000000,0
0.000000,0.000000,-119.977409,-0.000000,0
0.000000,0.000000,-119.977409,-0.000000,0
0.000000,0.000000,-119.977409,-0.000000,0
0.000000,0.000000,-119.977409,-0.000000,0
0.000000,0.000000,-119.977409,-0.000000,0
0.000000,0.000000,-119.977409,-0.000000,0
0.000000,0.000000,-119.977409,-0.000000,0
0.000000,0.000000,-119.977409,-0.000000,0
0.000000,0.000000,-119.977409,-0.000000,0
0.000000,0.000000,-119.977409,-0.000000,0
0.000000,0.000000,-119.977409,-0.000000,0
0.000000,0.000000,-119.977409,-0.000000,0
0.000000,0.000000,-119.977409,-0.000000,0
0.000000,0.000000,-119.977409,-0.000000,0
0.000000,0.000000,-119.977409,-0.000000,0
0.000000,0.000000,-119.977409,-0.000000,0
0.000000,0.000000,-119.977409,-0.000000,0
0.000000,0.000000,-119.977409,-0.000000,0
0.000000,0.000000,-119.977409,-0.000000,0
0.000000,0.000000,-119.977409,-0.000000,0
0.000000,0.000000,-119.977409,-0.000000,0
0.000000,0.000000,-119.977409,-0.000000,0
0.000000,0.000000,-119.977409,-0.000000,0
0.000000,0.000000,-119.977409,-0.000000,0
0.000000,0.000000,-119.977409,-0.000000,0
0.000000,0.000000,-119.977409,-0.000000,0
0.000000,0.000000,-119.977409,-0.000000,0
0.000000,0.000000,-119.977409,-0.000000,0
0.000000,0.000000,-119.977409,-0.000000,0
0.000000,0.000000,-119.977409,-0.000000,0
0.000000,0.000000,-119.977409,-0.000000,0
0.000000,0.000000,-119.977409,-0.000000,0
0.000000,0.000000,-119.977409,-0.000000,0
0.000000,0.000000,-119.977409,-0.000000,0
0.000000,0.000000,-119.977409,-0.000000,0
0.000000,0.000000,-119.977409,-0.000000,0
0.000000,0.000000,-119.977409,-0.000000,0
0.000000,0.000000,-119.977409,-0.000000,0
0.000000,0.000000,-119.977409,-0.000000,0
0.000000,0.000000,-119.977409,-0.000000,0
0.000000,0.000000,-119.977409,-0.000000,0
0.000000,0.000000,-119.977409,-0.000000,0
0.000000,0.000000,-119.977409,-0.000000,0
0.000000,0.000000,-119.977409,-0.000000,0
0.000000,0.000000,-119.977409,-0.000000,0
0.000000,0.000000,-119.977409,-0.000000,0
0.000000,0.000000,-119.977409,-0.000000,0
0.000000,0.000000,-119.977409,-0.000000,0
0.000000,0.000000,-119.977409,-0.000000,0
0.000000,0.000000,-119.977409,-0.000000,0
0.000000,0.000000,-119.977409,-0.000000,0
0.000000,0.000000,-119.977409,-0.000000,0
0.000000,0.000000,-119.977409,-0.000000,0
0.000000,0.000000,-119.977409,-0.000000,0
0.000000,0.000000,-119.977409,-0.000000,0
0.000000,0.000000,-119.977409,-0.000000,0
0.000000,0.000000,-119.977409,-0.000000,0
0.000000,0.000000,-119.977409,-0.000000,0
0.000000,0.000000,-119.977409,-0.000000,0
0.000000,0.000000,-119.977409,-0.000000,0
0.000000,0.000000,-119.977409,-0.000000,0
0.000000,0.000000,-119.977409,-0.000000,0
0.000000,0.000000,-119.977409,-0.000000,0
0.000000,0.000000,-119.977409,-0.000000,0
0.000000,0.000000,-119.977409,-0.000000,0
0.000000,0.000000,-119.977409,-0.000000,0
0.000000,0.000000,-119.977409,-0.000000,0
0.000000,0.000000,-119.977409,-0.000000,0
0.000000,0.000000,-119.977409,-0.000000,0
0.000000,0.000000,-119.977409,-0.000000,0
0.000000,0.000000,-119.977409,-0.000000,0
0.000000,0.000000,-119.977409,-0.000000,0
0.000000,0.000000,-119.977409,-0.000000,0
0.000000,0.000000,-119.977409,-0.000000,0
0.000000,0.000000,-119.977409,-0.000000,0
0.000000,0.000000,-119.977409,-0.000000,0
0.000000,0.000000,-119.977409,-0.000000,0
0.000000,0.000000,-119.977409,-0.000000,0
0.000000,0.000000,-119.977409,-0.000000,0
0.000000,0.000000,-119.977409,-0.000000,0
0.000000,0.000000,-119.977409,-0.000000,0
0.000000,0.000000,-119.977409,-0.000000,0
0.000000,0.000000,-119.977409,-0.000000,0
0.000000,0.000000,-119.977409,-0.000000,0
0.000000,0.000000,-119.977409,-0.000000,0
0.000000,0.000000,-119.977409,-0.000000,0
0.000000,0.000000,-119.977409,-0.000000,0
0.000000,0.000000,-119.977409,-0.000000,0
0.000000,0.000000,-119.977409,-0.000000,0
0.000000,0.000000,-119.977409,-0.000000,0
0.000000,0.000000,-119.977409,-0.000000,0
0.000000,0.000000,-119.977409,-0.000000,0
0.000000,0.000000,-119.977409,-0.000000,0
0.000000,0.000000,-119.977409,-0.000000,0
0.000000,0.000000,-119.977409,-0.000000,0
0.000000,0.000000,-119.977409,-0.000000,0
0.000000,0.000000,-119.977409,-0.000000,0
0.000000,0.000000,-119.977409,-0.000000,0
0.000000,0.000000,-119.977409,-0.000000,0
0.000000,0.000000,-119.977409,-0.000000,0
0.000000,0.000000,-119.977409,-0.000000,0
0.000000,0.000000,-119.977409,-0.000000,0
0.000000,0.000000,-119.977409,-0.000000,0
0.000000,0.000000,-119.977409,-0.000000,0
0.000000,0.000000,-119.977409,-0.000000,0
0.000000,0.000000,-119.977409,-0.000000,0
0.000000,0.000000,-119.977409,-0.000000,0
0.000000,0.000000,-119.977409,-0.000000,0
0.000000,0.000000,-119.977409,-0.000000,0
0.000000,0.000000,-119.977409,-0.000000,0
0.000000,0.000000,-119.977409,-0.000000,0
0.000000,0.000000,-119.977409,-0.000000,0
0.000000,0.000000,-119.977409,-0.000000,0
0.000000,0.000000,-119.977409,-0.000000,0
0.000000,0.000000,-119.977409,-0.000000,0
0.000000,0.000000,-119.977409,-0.000000,0
0.000000,0.000000,-119.977409,-0.000000,0
0.000000,0.000000,-119.977409,-0.000000,0
0.000000,0.000000,-119.977409,-0.000000,0
0.000000,0.000000,-119.977409,-0.000000,0
0.000000,0.000000,-119.977409,-0.000000,0
0.000000,0.000000,-119.977409,-0.000000,0
0.000000,0.000000,-119.977409,-0.000000,0
0.000000,0.000000,-119.977409,-0.000000,0
0.000000,0.000000,-119.977409,-0.000000,0
0.000000,0.000000,-119.977409,-0.000000,0
0.000000,0.000000,-119.977409,-0.000000,0
0.000000,0.000000,-119.977409,-0.000000,0
0.000000,0.000000,-119.977409,-0.000000,0
0.000000,0.000000,-119.977409,-0.000000,0
0.000000,0.000000,-119.977409,-0.000000,0
0.000000,0.000000,-119.977409,-0.000000,0
0.000000,0.000000,-119.977409,-0.000000,0
0.000000,0.000000,-119.977409,-0.000000,0
0.000000,0.000000,-119.977409,-0.000000,0
0.000000,0.000000,-119.977409,-0.000000,0
0.000000,0.000000,-119.977409,-0.000000,0
0.000000,0.000000,-119.977409,-0.000000,0
0.000000,0.000000,-119.977409,-0.000000,0
0.000000,0.000000,-119.977409,-0.000000,0
0.000000,0.000000,-119.977409,-0.000000,0
0.000000,0.000000,-119.977409,-0.000000,0
0.000000,0.000000,-119.977409,-0.000000,0
0.000000,0.000000,-119.977409,-0.000000,0
0.000000,0.000000,-119.977409,-0.000000,0
0.000000,0.000000,-119.977409,-0.000000,0
0.000000,0.000000,-119.977409,-0.000000,0
0.000000,0.000000,-119.977409,-0.000000,0
0.000000,0.000000,-119.977409,-0.000000,0
0.000000,0.000000,-119.977409,-0.000000,0
0.000000,0.000000,-119.977409,-0.000000,0
0.000000,0.000000,-119.977409,-0.000000,0
0.000000,0.000000,-119.977409,-0.000000,0
0.000000,0.000000,-119.977409,-0.000000,0
0.000000,0.000000,-119.977409,-0.000000,0
0.000000,0.000000,-119.977409,-0.000000,0
0.000000,0.000000,-119.977409,-0.000000,0
0.000000,0.000000,-119.977409,-0.000000,0
0.000000,0.000000,-119.977409,-0.000000,0
0.000000,0.000000,-119.977409,-0.000000,0
0.000000,0.000000,-119.977409,-0.000000,0
0.000000,0.000000,-119.977409,-0.000000,0
0.000000,0.000000,-119.977409,-0.000000,0
0.000000,0.000000,-119.977409,-0.000000,0
0.000000,0.000000,-119.977409,-0.000000,0
0.000000,0.000000,-119.977409,-0.000000,0
0.000000,0.000000,-119.977409,-0.000000,0
0.000000,0.000000,-119.977409,-0.000000,0
0.000000,0.000000,-119.977409,-0.000000,0
0.000000,0.000000,-119.977409,-0.000000,0
0.000000,0.000000,-119.977409,-0.000000,0
0.000000,0.000000,-119.977409,-0.000000,0
0.000000,0.000000,-119.977409,-0.000000,0
0.000000,0.000000,-119.977409,-0.000000,0
0.000000,0.000000,-119.977409,-0.000000,0
0.000000,0.000000,-119.977409,-0.000000,0
0.000000,0.000000,-119.977409,-0.000000,0
0.000000,0.000000,-119.977409,-0.000000,0
0.000000,0.000000,-119.977409,-0.000000,0
0.000000,0.000000,-119.977409,-0.000000,0
0.000000,0.000000,-119.977409,-0.000000,0
0.000000,0.000000,-119.977409,-0.000000,0
0.000000,0.000000,-119.977409,-0.000000,0
0.000000,0.000000,-119.977409,-0.000000,0
0.000000,0.000000,-119.977409,-0.000000,0
0.000000,0.000000,-119.977409,-0.000000,0
0.000000,0.000000,-119.977409,-0.000000,0
0.000000,0.000000,-119.977409,-0.000000,0
0.000000,0.000000,-119.977409,-0.000000,0
0.000000,0.000000,-119.977409,-0.000000,0
0.000000,0.000000,-119.977409,-0.000000,0
0.000000,0.000000,-119.977409,-0.000000,0
0.000000,0.000000,-119.977409,-0.000000,0
0.000000,0.000000,-119.977409,-0.000000,0
0.000000,0.000000,-119.977409,-0.000000,0
0.000000,0.000000,-119.977409,-0.000000,0
0.000000,0.000000,-119.977409,-0.000000,0
0.000000,0.000000,-119.977409,-0.000000,0
0.000000,0.000000,-119.977409,-0.000000,0
0.000000,0.000000,-119.977409,-0.000000,0
0.000000,0.000000,-119.977409,-0.000000,0
0.000000,0.000000,-119.977409,-0.000000,0
0.000000,0.000000,-119.977409,-0.000000,0
0.000000,0.000000,-119.977409,-0.000000,0
0.000000,0.000000,-119.977409,-0.000000,0
0.000000,0.000000,-119.977409,-0.000000,0
0.000000,0.000000,-119.977409,-0.000000,0
0.000000,0.000000,-119.977409,-0.000000,0
0.000000,0.000000,-119.977409,-0.000000,0
0.000000,0.000000,-119.977409,-0.000000,0
0.000000,0.000000,-119.977409,-0.000000,0
0.000000,0.000000,-119.977409,-0.000000,0
0.000000,0.000000,-119.977409,-0.000000,0
0.000000,0.000000,-119.977409,-0.000000,0
0.000000,0.000000,-119.977409,-0.000000,0
0.000000,0.000000,-119.977409,-0.000000,0
0.000000,0.000000,-119.977409,-0.000000,0
0.000000,0.000000,-119.977409,-0.000000,0
0.000000,0.000000,-119.977409,-0.000000,0
0.000000,0.000000,-119.977409,-0.000000,0
0.000000,0.000000,-119.977409,-0.000000,0
0.000000,0.000000,-119.977409,-0.000000,0
0.000000,0.000000,-119.977409,-0.000000,0
0.000000,0.000000,-119.977409,-0.000000,0
0.000000,0.000000,-119.977409,-0.000000,0
0.000000,0.000000,-119.977409,-0.000000,0
0.000000,0.000000,-119.977409,-0.000000,0
0.000000,0.000000,-119.977409,-0.000000,0
0.000000,0.000000,-119.977409,-0.000000,0
0.000000,0.000000,-119.977409,-0.000000,0
0.000000,0.000000,-119.977409,-0.000000,0
0.000000,0.000000,-119.977409,-0.000000,0
0.000000,0.000000,-119.977409,-0.000000,0
0.000000,0.000000,-119.977409,-0.000000,0
0.000000,0.000000,-119.977409,-0.000000,0
0.000000,0.000000,-119.977409,-0.000000,0
0.000000,0.000000,-119.977409,-0.000000,0
0.000000,0.000000,-119.977409,-0.000000,0
0.000000,0.000000,-119.977409,-0.000000,0
0.000000,0.000000,-119.977409,-0.000000,0
0.000000,0.000000,-119.977409,-0.000000,0
0.000000,0.000000,-119.977409,-0.000000,0
0.000000,0.000000,-119.977409,-0.000000,0
0.000000,0.000000,-119.977409,-0.000000,0
0.000000,0.000000,-119.977409,-0.000000,0
0.000000,0.000000,-119.977409,-0.000000,0
0.000000,0.000000,-119.977409,-0.000000,0
0.000000,0.000000,-119.977409,-0.000000,0
0.000000,0.000000,-119.977409,-0.000000,0
0.000000,0.000000,-119.977409,-0.000000,0
0.000000,0.000000,-119.977409,-0.000000,0
0.000000,0.000000,-119.977409,-0.000000,0
0.000000,0.000000,-119.977409,-0.000000,0
0.000000,0.000000,-119.977409,-0.000000,0
0.000000,0.000000,-119.977409,-0.000000,0
0.000000,0.000000,-119.977409,-0.000000,0
0.000000,0.000000,-119.977409,-0.000000,0
0.000000,0.000000,-119.977409,-0.000000,0
0.000000,0.000000,-119.977409,-0.000000,0
0.000000,0.000000,-119.977409,-0.000000,0
0.000000,0.000000,-119.977409,-0.000000,0
0.000000,0.000000,-119.977409,-0.000000,0
0.000000,0.000000,-119.977409,-0.000000,0
0.000000,0.000000,-119.977409,-0.000000,0
0.000000,0.000000,-119.977409,-0.000000,0
0.000000,0.000000,-119.977409,-0.000000,0
0.000000,0.000000,-119.977409,-0.000000,0
0.000000,0.000000,-119.977409,-0.000000,0
0.000000,0.000000,-119.977409,-0.000000,0
0.000000,0.000000,-119.977409,-0.000000,0
0.000000,0.000000,-119.977409,-0.000000,0
0.000000,0.000000,-119.977409,-0.000000,0
0.000000,0.000000,-119.977409,-0.000000,0
0.000000,0.000000,-119.977409,-0.000000,0
0.000000,0.000000,-119.977409,-0.000000,0
0.000000,0.000000,-119.977409,-0.000000,0
0.000000,0.000000,-119.977409,-0.000000,0
0.000000,0.000000,-119.977409,-0.000000,0
0.000000,0.000000,-119.977409,-0.000000,0
0.000000,0.000000,-119.977409,-0.000000,0
0.000000,0.000000,-119.977409,-0.000000,0
0.000000,0.000000,-119.977409,-0.000000,0
0.000000,0.000000,-119.977409,-0.000000,0
0.000000,0.000000,-119.977409,-0.000000,0
0.000000,0.000000,-119.977409,-0.000000,0
0.000000,0.000000,-119.977409,-0.000000,0
0.000000,0.000000,-119.977409,-0.000000,0
0.000000,0.000000,-119.977409,-0.000000,0
0.000000,0.000000,-119.977409,-0.000000,0
0.000000,0.000000,-119.977409,-0.000000,0
0.000000,0.000000,-119.977409,-0.000000,0
0.000000,0.000000,-119.977409,-0.000000,0
14.626170,1.062500,-0.109983,-11.491583,3
14.626170,1.062500,-0.232172,-18.878082,3
14.641796,1.062500,-0.109983,-30.922699,3
14.641796,1.062500,-0.109983,-50.904865,3
14.641796,1.062500,-0.232172,-83.083099,3
14.657422,1.062500,-0.232172,-135.042938,3
14.641796,1.062500,-0.232172,-217.275467,3
14.673049,1.062500,-0.354361,-338.474182,3
14.673049,1.062500,-0.232172,-526.139587,3
14.688675,1.062500,-0.232172,-793.891846,3
14.688675,1.000000,-0.232172,-1146.472900,3
14.688675,0.750000,-0.109983,-1723.444824,3
14.704301,0.562500,-0.232172,-2483.596191,3
14.719928,0.562500,-0.354361,-2440.705078,3
14.704301,0.375000,-0.232172,-2802.287109,3
14.719928,0.187500,0.012206,-4758.000977,3
14.719928,0.187500,0.012206,-8225.530273,3
14.735554,0.062500,-0.109983,-8004.803223,3
14.719928,0.062500,-0.109983,-7863.779785,3
14.735554,0.062500,0.012206,-13508.958984,3
14.735554,0.062500,0.012206,-13508.958984,3
14.719928,0.062500,-0.109983,-10383.412109,3
14.735554,0.062500,-0.109983,-9128.841797,3
14.735554,0.062500,-0.109983,-8498.090820,3
14.766806,0.187500,-0.109983,-8165.501465,3
14.766806,0.187500,-0.109983,-7971.946289,3
14.766806,0.187500,0.012206,-7859.299316,3
14.782433,0.187500,-0.109983,-7800.911133,3
14.798059,0.250000,-0.109983,-7769.315918,3
14.766806,0.250000,-0.109983,-7729.126953,3
14.782433,0.250000,-0.109983,-7722.970215,3
14.813684,0.250000,0.012206,-13580.585938,3
14.891816,0.375000,-0.109983,-13551.935547,3
14.782433,0.375000,-0.232172,-10419.890625,3
14.829311,0.375000,-0.109983,-9169.198242,3
14.829311,0.375000,-0.109983,-8536.586914,3
14.798059,0.375000,-0.109983,-8195.401367,3
14.844937,0.375000,-0.232172,-5499.057129,3
14.844937,0.375000,-0.109983,-6211.411133,3
14.844937,0.375000,-0.109983,-6737.812012,3
14.844937,0.375000,0.012206,-11931.152344,3
14.860563,0.375000,0.012206,-13623.562500,3
14.876190,0.375000,-0.109983,-10456.313477,3
14.876190,0.375000,-0.109983,-9183.199219,3
14.860563,0.375000,-0.109983,-8550.867188,3
14.860563,0.375000,-0.109983,-8210.093750,3
14.876190,0.375000,-0.109983,-8034.057617,3
14.876190,0.375000,-0.109983,-7913.751953,3
14.891816,0.375000,-0.109983,-7856.035156,3
14.891816,0.375000,-0.109983,-7816.802734,3
14.891816,0.250000,-0.109983,-7793.367676,3
14.876190,0.250000,-0.109983,-7771.170410,3
14.891816,0.250000,-0.109983,-7770.896973,3
14.891816,0.250000,-0.109983,-7765.824707,3
14.907442,0.187500,-0.109983,-7770.916504,3
14.891816,0.187500,0.012206,-13652.213867,3
14.891816,0.187500,-0.109983,-10483.595703,3
14.907442,0.187500,-0.109983,-9206.841797,3
14.907442,0.187500,-0.109983,-8573.666992,3
14.891816,0.187500,0.012206,-13652.213867,3
14.891816,0.062500,0.134395,13652.213867,3
14.891816,0.062500,0.012206,13652.213867,3
14.907442,0.062500,-0.109983,-13652.213867,3
14.891816,0.000000,-0.109983,-10492.682617,3
14.923069,-0.125000,-0.109983,-9214.718750,3
14.923069,-0.125000,-0.109983,-8581.265625,3
14.923069,-0.250000,-0.109983,-8240.504883,3
14.923069,-0.312500,0.012206,-13680.865234,3
14.891816,-0.312500,0.134395,13652.213867,3
14.891816,-0.312500,0.134395,9365.962891,3
14.907442,-0.437500,0.012206,13666.539063,3
14.907442,-0.437500,0.134395,9373.478516,3
14.907442,-0.500000,0.134395,7890.384277,3
14.923069,-0.500000,0.134395,7208.227051,3
14.923069,-0.500000,0.134395,6841.429688,3
14.923069,-0.500000,0.134395,6642.088379,3
14.923069,-0.500000,0.134395,6534.422363,3
14.938695,-0.500000,0.012206,10235.855469,3
14.938695,-0.437500,0.012206,13695.190430,3
14.923069,-0.437500,0.012206,13680.865234,3
14.938695,-0.312500,0.012206,13709.515625,3
14.969948,-0.125000,0.134395,9403.506836,3
14.938695,0.062500,0.012206,13695.190430,3
14.938695,0.187500,0.012206,13723.841797,3
14.969948,0.250000,-0.109983,-13723.841797,3
14.938695,0.250000,-0.109983,-10510.847656,3
14.954321,0.375000,-0.232172,-6055.818359,3
14.969948,0.375000,-0.232172,-4824.248535,3
14.969948,0.375000,-0.232172,-4299.134277,3
14.969948,0.375000,-0.232172,-4035.325928,3
14.954321,0.375000,-0.232172,-3887.936523,3
14.969948,0.375000,-0.109983,-4865.486816,3
14.954321,0.375000,-0.232172,-4318.726074,3
14.969948,0.375000,-0.109983,-4041.649414,3
14.938695,0.375000,-0.232172,-3889.862061,3
14.938695,0.375000,-0.232172,-3806.223633,3
14.938695,0.375000,-0.232172,-3761.540039,3
14.938695,0.375000,-0.232172,-3729.011475,3
14.923069,0.375000,-0.232172,-3708.156250,3
14.923069,0.375000,-0.232172,-3698.032227,3
14.907442,0.375000,-0.109983,-3688.106934,3
14.876190,0.375000,-0.109983,-4651.315918,3
14.876190,0.375000,-0.109983,-5530.319824,3
14.876190,0.500000,-0.109983,-6248.065918,3
14.876190,0.500000,-0.232172,-4882.655273,3
14.860563,0.500000,-0.232172,-4312.336914,3
14.876190,0.500000,-0.232172,-4034.822266,3
14.860563,0.500000,-0.232172,-3878.049316,3
14.860563,0.375000,-0.354361,-3117.741211,3
14.829311,0.375000,-0.232172,-3307.805908,3
14.829311,0.375000,-0.232172,-3438.948730,3
14.829311,0.375000,-0.232172,-3523.236084,3
14.813684,0.375000,-0.232172,-3572.314453,3
14.798059,0.375000,-0.232172,-3601.130615,3
14.798059,0.375000,-0.232172,-3621.102783,3
14.782433,0.250000,-0.109983,-4577.736816,3
14.782433,0.187500,-0.232172,-4154.397949,3
14.766806,0.187500,-0.109983,-5077.772949,3
14.751180,0.187500,-0.109983,-5859.229980,3
14.766806,0.187500,-0.109983,-6473.407227,3
14.735554,0.187500,-0.232172,-6890.913574,3
14.735554,0.187500,-0.109983,-7181.063965,3
14.719928,0.062500,-0.109983,-7368.872070,3
14.719928,0.062500,-0.109983,-7479.362793,3
14.704301,-0.125000,-0.232172,-5271.614258,3
14.704301,-0.250000,-0.109983,-6010.226074,3
14.719928,-0.250000,-0.109983,-6560.339355,3
14.688675,-0.250000,0.012206,-11534.454102,3
14.673049,-0.250000,0.012206,-13451.657227,3
14.673049,-0.125000,0.012206,-13451.657227,3
14.657422,0.250000,0.012206,-13437.331055,3
14.641796,0.750000,0.012206,-13423.005859,3
14.641796,1.750000,-0.109983,-13437.331055,3
14.641796,2.500000,-0.354361,-6499.946289,3
14.641796,3.375000,-0.476550,-3157.995117,3
14.626170,3.750000,-0.598739,-2114.142822,3
14.626170,4.062500,-0.843117,-1599.978271,3
14.626170,4.062500,-0.965306,-1202.198853,3
14.626170,4.062500,-1.209684,-932.924683,3
14.610543,4.062500,-1.331873,-783.589111,3
14.610543,4.062500,-1.331873,-744.937012,3
14.610543,4.062500,-1.331873,-694.498657,3
14.626170,4.000000,-1.331873,-667.048096,3
14.610543,4.000000,-1.209684,-675.899780,3
14.610543,4.000000,-1.209684,-682.586548,3
14.641796,3.875000,-1.209684,-687.736450,3
14.641796,3.750000,-1.087495,-717.563782,3
14.626170,3.750000,-1.087495,-737.493469,3
14.641796,3.687500,-1.087495,-750.961731,3
14.641796,3.562500,-1.209684,-727.296753,3
14.641796,3.375000,-1.087495,-744.829407,3
14.673049,3.250000,-1.087495,-756.193298,3
14.673049,3.187500,-1.087495,-761.116516,3
14.657422,3.062500,-1.087495,-801.942139,3
14.673049,2.875000,-0.965306,-827.745483,3
14.688675,2.750000,-0.843117,-888.039917,3
14.688675,2.750000,-0.843117,-929.415222,3
14.704301,2.687500,-0.965306,-906.249023,3
14.719928,2.562500,-0.843117,-941.796509,3
14.719928,2.562500,-0.843117,-964.053162,3
14.751180,2.500000,-0.720928,-1037.104492,3
14.719928,2.500000,-0.843117,-1021.644531,3
14.735554,2.250000,-0.720928,-1147.124878,3
14.751180,2.250000,-0.720928,-1157.720581,3
14.766806,2.250000,-0.843117,-1092.087402,3
14.751180,2.062500,-0.843117,-1054.187744,3
14.782433,1.875000,-0.720928,-1100.310913,3
14.782433,1.750000,-0.598739,-1206.363037,3
14.766806,1.687500,-0.598739,-1279.563110,3
14.829311,1.500000,-0.476550,-1445.048706,3
14.829311,1.250000,-0.598739,-1433.149536,3
14.829311,1.062500,-0.598739,-1428.457153,3
14.876190,1.000000,-0.598739,-1427.736328,3
14.876190,0.875000,-0.720928,-1426.993652,3
14.891816,0.750000,-0.476550,-1553.445313,3
14.907442,0.687500,-0.354361,-1810.931885,3
14.907442,0.562500,-0.354361,-2009.963745,3
14.938695,0.562500,-0.354361,-2157.085938,3
14.985574,0.500000,-0.476550,-2002.966919,3
14.969948,0.375000,-0.476550,-1915.452759,3
15.016826,0.250000,-0.476550,-2096.590576,3
15.048079,0.187500,-0.476550,-1973.400635,3
15.063704,0.000000,-0.109983,-2427.027588,3
15.094957,-0.125000,-0.232172,-2827.190430,3
15.110583,-0.250000,-0.232172,-3136.153320,3
15.141836,-0.250000,-0.109983,-4147.888184,3
15.126210,-0.312500,-0.232172,-5121.057617,3
15.173089,-0.312500,-0.109983,-5982.000000,3
15.204341,-0.437500,-0.109983,-6647.710449,3
15.219967,-0.437500,-0.109983,-7117.199707,3
15.266846,-0.437500,-0.109983,-7432.520508,3
15.266846,-0.500000,-0.109983,-7644.817871,3
15.298099,-0.625000,0.012206,-13932.578125,3
15.329351,-0.625000,0.012206,-14053.328125,3
15.344977,-0.750000,0.012206,-14067.653320,3
15.360603,-0.750000,0.134395,14081.978516,3
15.407482,-0.812500,0.134395,14110.629883,3
15.454361,-0.812500,0.134395,9634.225586,3
15.469987,-0.937500,0.012206,14182.256836,3
15.485614,-1.000000,0.134395,9648.990234,3
15.485614,-1.125000,0.256584,8107.416016,3
15.501240,-1.437500,0.134395,7425.775879,3
15.548119,-1.812500,0.256584,7088.099121,3
15.579371,-2.000000,0.378773,3881.046143,3
15.594997,-2.125000,0.378773,3069.083496,3
15.626250,-2.125000,0.500962,2370.511475,3
15.626250,-2.250000,0.745340,1867.798950,3
15.641876,-2.250000,0.745340,1521.929199,3
15.657502,-2.250000,0.623151,1487.683716,3
15.657502,-2.250000,0.623151,1467.465820,3
15.688755,-2.250000,0.500962,1589.122681,3
15.720007,-2.250000,0.623151,1527.951538,3
15.720007,-2.125000,0.745340,1377.082153,3
15.751260,-2.125000,0.623151,1407.437256,3
15.751260,-2.000000,0.500962,1547.981079,3
15.766886,-1.937500,0.623151,1506.451050,3
15.782513,-1.812500,0.623151,1482.363281,3
15.782513,-1.625000,0.500962,1602.377075,3
15.782513,-1.437500,0.378773,1856.060059,3
15.829391,-1.312500,0.378773,2051.820068,3
15.813765,-1.125000,0.378773,2172.882568,3
15.798139,-0.812500,0.378773,2260.856689,3
15.782513,-0.500000,0.256584,2657.922852,3
15.782513,-0.312500,0.256584,2961.712891,3
15.798139,0.000000,0.134395,3861.684814,3
15.829391,0.187500,0.134395,4705.703125,3
15.813765,0.250000,0.012206,7705.546875,3
15.876270,0.375000,-0.109983,14554.721680,3
15.876270,0.375000,-0.109983,-14554.721680,3
15.829391,0.375000,-0.232172,-6810.050293,3
15.813765,0.375000,-0.354361,-4027.999023,3
15.829391,0.375000,-0.232172,-3974.227295,3
15.798139,0.375000,-0.232172,-3941.865479,3
15.782513,0.375000,-0.232172,-3925.452148,3
15.798139,0.375000,-0.109983,-5013.296875,3
15.782513,0.375000,-0.109983,-5979.871582,3
15.813765,0.375000,-0.109983,-6759.028320,3
15.829391,0.375000,-0.109983,-7312.771973,3
15.829391,0.375000,-0.109983,-7674.823730,3
15.813765,0.375000,-0.109983,-7895.121094,3
15.782513,0.250000,-0.232172,-5537.123047,3
15.782513,0.250000,-0.109983,-6398.183594,3
15.813765,0.250000,-0.109983,-7070.623047,3
15.813765,0.250000,-0.232172,-5278.336914,3
15.798139,0.250000,-0.232172,-4601.135742,3
15.813765,0.187500,-0.232172,-4284.410645,3
15.798139,0.187500,-0.232172,-4112.834473,3
15.845017,0.062500,-0.109983,-5212.120605,3
15.845017,0.000000,-0.109983,-6158.466797,3
15.845017,0.000000,0.012206,-11226.190430,3
15.829391,0.000000,-0.109983,-9778.645508,3
15.891896,0.000000,-0.109983,-9095.534180,3
15.860643,0.000000,-0.109983,-8710.625000,3
15.766886,0.000000,-0.109983,-14554.721680,3
15.845017,0.000000,0.012206,-14526.070313,3
15.766886,-0.125000,0.012206,-14454.442383,3
15.751260,-0.125000,0.134395,14440.117188,3
15.673128,-0.125000,0.134395,9737.277344,3
15.720007,-0.250000,0.012206,14411.465820,3
15.704381,-0.437500,0.134395,9751.944336,3
15.735634,-0.750000,0.134395,8208.681641,3
15.766886,-0.812500,0.134395,7530.057617,3
15.782513,-0.937500,0.134395,12011.197266,3
15.782513,-0.937500,0.134395,9059.978516,3
15.782513,-1.000000,0.134395,7919.462891,3
15.766886,-1.000000,0.134395,7369.892090,3
15.766886,-1.000000,0.256584,7086.207520,3
15.751260,-1.000000,0.134395,6923.489258,3
15.720007,-1.000000,0.256584,4930.998535,3
15.735634,-1.000000,0.256584,4226.574219,3
15.735634,-0.937500,0.256584,3898.657715,3
15.720007,-0.812500,0.256584,3725.730713,3
15.704381,-0.750000,0.256584,3626.288818,3
15.673128,-0.625000,0.256584,3577.945068,3
15.688755,-0.437500,0.256584,3544.680420,3
15.673128,-0.250000,0.134395,4395.377930,3
15.626250,0.187500,0.012206,7180.309570,3
15.704381,0.500000,-0.109983,14397.140625,3
15.626250,1.000000,-0.109983,-14325.512695,3
15.626250,1.187500,-0.109983,-10907.158203,3
15.641876,1.250000,-0.109983,-9566.144531,3
15.594997,1.375000,-0.109983,-8904.801758,3
15.594997,1.375000,-0.354361,-4359.348633,3
15.626250,1.375000,-0.354361,-3358.383545,3
15.610623,1.187500,-0.354361,-2954.161621,3
15.594997,1.062500,-0.476550,-2386.926270,3
15.594997,1.000000,-0.354361,-2440.614258,3
15.579371,0.875000,-0.354361,-2470.828125,3
15.579371,0.687500,-0.232172,-2896.924316,3
15.579371,0.500000,-0.232172,-3224.078369,3
15.563745,0.187500,-0.232172,-4277.115723,3
15.563745,0.000000,-0.232172,-4088.589600,3
15.563745,-0.437500,0.012206,-7215.912598,3
15.548119,-0.750000,0.134395,-14239.559570,3
15.516866,-0.937500,0.134395,14225.233398,3
15.516866,-0.937500,0.256584,6254.937500,3
15.501240,-0.937500,0.256584,4705.448730,3
15.532493,-0.937500,0.256584,4104.395508,3
15.532493,-1.000000,0.256584,3817.044434,3
15.563745,-1.000000,0.134395,4631.595215,3
15.548119,-1.000000,0.256584,4070.504883,3
15.532493,-1.000000,0.256584,3797.603760,3
15.516866,-1.000000,0.256584,3655.200439,3
15.501240,-1.000000,0.378773,2968.386719,3
15.501240,-1.000000,0.256584,3154.540039,3
15.485614,-0.937500,0.256584,3270.195557,3
15.485614,-0.937500,0.134395,4122.630859,3
15.469987,-0.937500,0.256584,3818.074951,3
15.454361,-0.937500,0.256584,3656.811768,3
15.485614,-0.937500,0.256584,3576.848877,3
15.501240,-0.937500,0.134395,4398.353516,3
15.469987,-0.937500,0.134395,5092.918457,3
15.454361,-0.937500,0.256584,4261.080566,3
15.423109,-0.937500,0.256584,3891.464355,3
15.454361,-0.937500,0.256584,3696.303711,3
15.438735,-1.000000,0.134395,4500.115723,3
15.454361,-1.125000,0.256584,4000.833740,3
15.438735,-1.125000,0.134395,4764.633301,3
15.391856,-1.125000,0.134395,5352.974609,3
15.501240,-1.250000,0.256584,4388.126953,3
15.423109,-1.250000,0.256584,3935.701172,3
15.423109,-1.250000,0.256584,3718.885254,3
15.485614,-1.312500,0.378773,3000.525879,3
15.485614,-1.312500,0.378773,2684.772949,3
15.454361,-1.312500,0.378773,2532.520264,3
15.501240,-1.312500,0.378773,2456.313721,3
15.501240,-1.312500,0.256584,2409.370605,3
15.485614,-1.312500,0.256584,2749.338135,3
15.454361,-1.312500,0.256584,2994.888184,3
15.469987,-1.312500,0.256584,3169.442627,3
15.454361,-1.437500,0.256584,2770.410400,3
15.469987,-1.500000,0.256584,3012.900391,3
15.469987,-1.625000,0.378773,2693.137451,3
15.438735,-1.625000,0.378773,2530.579834,3
15.454361,-1.750000,0.256584,2844.341553,3
15.469987,-1.750000,0.256584,3068.049316,3
15.469987,-1.750000,0.378773,2718.979248,3
15.454361,-1.750000,0.378773,2548.958008,3
15.454361,-1.750000,0.500962,2158.600098,3
15.454361,-1.750000,0.378773,2228.479736,3
15.469987,-1.750000,0.378773,2274.271729,3
15.469987,-1.750000,0.500962,2036.375977,3
15.469987,-1.750000,0.623151,1730.577881,3
15.454361,-1.812500,0.623151,1588.090820,3
15.454361,-1.812500,0.623151,1515.202637,3
15.485614,-1.812500,0.623151,1478.117798,3
15.485614,-1.812500,0.378773,1739.399780,3
15.469987,-1.750000,0.378773,1943.681274,3
15.516866,-1.750000,0.500962,1873.825439,3
15.438735,-1.625000,0.500962,1822.789307,3
15.485614,-1.312500,0.500962,1809.873169,3
15.532493,-1.125000,0.378773,1998.386353,3
15.501240,-0.750000,0.378773,2124.585938,3
15.469987,-0.125000,0.378773,2209.708496,3
15.469987,1.062500,0.378773,2258.559082,3
15.469987,1.687500,0.134395,3090.542236,3
15.469987,2.250000,-0.232172,7141.842773,3
15.469987,2.500000,-0.354361,-12362.437500,3
15.469987,2.687500,-0.598739,-3083.424316,3
15.469987,2.687500,-0.720928,-1906.515259,3
15.485614,2.687500,-0.843117,-1558.503784,3
15.501240,2.687500,-0.843117,-1302.468140,3
15.501240,2.687500,-0.843117,-1186.266602,3
15.485614,2.687500,-0.843117,-1127.500244,3
15.501240,2.500000,-0.965306,-1032.672974,3
15.501240,2.375000,-0.965306,-983.344543,3
15.516866,2.250000,-0.720928,-1073.217773,3
15.516866,2.250000,-0.720928,-1133.574219,3
15.501240,1.875000,-0.598739,-1254.098999,3
15.501240,1.687500,-0.476550,-1448.363647,3
15.532493,1.250000,-0.598739,-1595.771362,3
15.516866,1.062500,-0.598739,-1548.340698,3
15.516866,1.062500,-0.354361,-1836.938965,3
15.532493,1.000000,-0.354361,-2066.036377,3
15.516866,0.750000,-0.354361,-2225.962402,3
15.516866,0.750000,-0.232172,-2687.760742,3
15.532493,0.750000,-0.232172,-3065.796143,3
15.532493,0.750000,-0.354361,-2811.021484,3
15.532493,0.750000,-0.476550,-2328.040283,3
15.563745,0.750000,-0.476550,-2117.935303,3
15.532493,0.875000,-0.354361,-2005.152710,3
15.548119,0.875000,-0.354361,-2188.493164,3
15.548119,0.875000,-0.354361,-2316.337891,3
15.548119,0.875000,-0.476550,-2106.845703,3
15.532493,1.062500,-0.354361,-2254.684326,3
15.532493,1.187500,-0.232172,-2713.575195,3
15.548119,1.187500,-0.354361,-3083.429688,3
15.548119,1.187500,-0.354361,-2822.387939,3
15.563745,1.250000,-0.354361,-2689.542725,3
15.563745,1.375000,-0.354361,-2615.591064,3
15.563745,1.375000,-0.598739,-2247.875977,3
15.579371,1.500000,-0.476550,-2078.012939,3
15.563745,1.562500,-0.354361,-1988.510620,3
15.563745,1.750000,-0.354361,-2174.909424,3
15.548119,1.875000,-0.354361,-2301.104248,3
15.563745,1.875000,-0.476550,-2103.628418,3
15.579371,2.187500,-0.598739,-1796.966919,3
15.563745,2.500000,-0.598739,-1657.202026,3
15.579371,2.562500,-0.598739,-1585.352783,3
15.579371,2.687500,-0.476550,-1692.381470,3
15.579371,2.875000,-0.598739,-1603.206909,3
15.563745,2.875000,-0.598739,-1553.470459,3
15.594997,2.875000,-0.720928,-1408.177124,3
15.579371,3.000000,-0.843117,-1239.130005,3
15.594997,3.000000,-0.843117,-1159.041626,3
15.610623,3.000000,-0.843117,-1117.093384,3
15.594997,3.062500,-0.843117,-1093.217041,3
15.626250,3.062500,-0.843117,-1080.723755,3
15.626250,3.062500,-0.965306,-1011.783936,3
15.626250,3.062500,-0.965306,-975.236755,3
15.594997,3.062500,-0.965306,-1008.195007,3
15.594997,3.062500,-0.965306,-971.931030,3
15.594997,3.000000,-0.843117,-952.327087,3
15.626250,3.000000,-0.843117,-995.905518,3
15.657502,2.875000,-0.843117,-1024.212524,3
15.673128,2.875000,-0.720928,-1106.166260,3
15.657502,2.750000,-0.843117,-1087.750000,3
15.657502,2.562500,-0.843117,-1077.839966,3
15.673128,2.187500,-0.720928,-1142.127930,3
15.641876,1.687500,-0.720928,-1180.351440,3
15.673128,1.250000,-0.598739,-1207.949219,3
15.673128,1.187500,-0.598739,-1313.663086,3
15.688755,1.062500,-0.354361,-1501.730591,3
15.688755,1.062500,-0.232172,-2012.696289,3
15.673128,1.062500,-0.232172,-2508.758301,3
15.704381,1.062500,-0.232172,-2941.827148,3
15.704381,1.062500,-0.354361,-2760.608398,3
15.704381,1.062500,-0.354361,-2664.442139,3
15.704381,1.062500,-0.232172,-3060.505859,3
15.704381,1.062500,-0.232172,-3352.489746,3
15.704381,1.062500,-0.354361,-3554.675537,3
15.751260,1.187500,-0.354361,-3056.291016,3
15.766886,1.187500,-0.232172,-3350.260986,3
15.766886,1.250000,-0.354361,-2963.945557,3
15.751260,1.187500,-0.354361,-2775.317627,3
15.735634,1.187500,-0.232172,-3145.730469,3
15.735634,1.187500,-0.109983,-4231.008789,3
15.735634,1.187500,-0.354361,-3317.136963,3
15.766886,1.187500,-0.232172,-3537.991455,3
15.766886,1.187500,-0.232172,-3676.563232,3
15.782513,1.250000,-0.354361,-3106.160889,3
15.798139,1.250000,-0.354361,-2853.127686,3
15.782513,1.250000,-0.476550,-2356.163086,3
15.813765,1.250000,-0.232172,-2437.686035,3
15.798139,1.187500,-0.232172,-2887.866455,3
15.798139,1.187500,-0.354361,-2739.145264,3
15.798139,1.187500,-0.232172,-3125.894287,3
15.798139,1.187500,-0.232172,-3406.828857,3
15.798139,1.187500,-0.354361,-2991.589844,3
15.798139,1.187500,-0.232172,-3312.179199,3
15.813765,1.250000,-0.354361,-3533.320801,3
15.829391,1.187500,-0.354361,-3052.940430,3
15.813765,1.187500,-0.354361,-2437.084961,3
15.845017,1.187500,-0.354361,-2493.076172,3
15.860643,1.187500,-0.354361,-2522.404785,3
15.845017,1.187500,-0.354361,-2537.302002,3
15.876270,1.187500,-0.354361,-2547.549072,3
15.860643,1.187500,-0.232172,-2983.942627,3
15.860643,1.187500,-0.354361,-2793.353760,3
15.876270,1.187500,-0.354361,-2695.688232,3
15.845017,1.187500,-0.232172,-2637.894775,3
15.860643,1.187500,-0.232172,-3053.272217,3
15.876270,1.187500,-0.354361,-2831.022705,3
15.876270,1.250000,-0.354361,-2714.488525,3
15.891896,1.375000,-0.476550,-2309.833008,3
15.876270,1.562500,-0.354361,-2409.253174,3
15.891896,2.062500,-0.354361,-2477.690674,3
15.923148,2.562500,-0.354361,-2518.823486,3
15.907522,3.250000,-0.476550,-2222.943848,3
15.938775,3.562500,-0.598739,-1867.386597,3
15.907522,3.750000,-0.843117,-1554.027222,3
15.907522,3.750000,-0.965306,-1224.141235,3
15.907522,3.750000,-0.965306,-1090.108398,3
15.907522,3.750000,-1.087495,-1023.404114,3
15.907522,3.750000,-1.087495,-936.809509,3
15.907522,3.750000,-1.087495,-892.852051,3
15.891896,3.750000,-1.209684,-868.286743,3
15.923148,3.750000,-1.209684,-817.478516,3
15.938775,3.687500,-1.087495,-827.146851,3
15.938775,3.687500,-1.209684,-795.297058,3
15.923148,3.562500,-1.209684,-777.887512,3
15.938775,3.500000,-1.331873,-736.420715,3
15.938775,3.250000,-1.209684,-744.068787,3
15.938775,3.187500,-0.965306,-780.565125,3
15.954401,3.000000,-0.965306,-843.665710,3
15.954401,2.875000,-0.843117,-930.161926,3
15.970027,2.750000,-0.720928,-1048.205688,3
15.954401,2.687500,-0.720928,-1129.628784,3
15.954401,2.500000,-0.843117,-1110.155273,3
15.954401,2.500000,-0.843117,-1099.148071,3
15.938775,2.250000,-0.720928,-1162.928101,3
15.954401,2.062500,-0.720928,-1205.482422,3
15.954401,2.000000,-0.720928,-1230.922363,3
15.938775,1.875000,-0.720928,-1244.967529,3
15.985654,1.687500,-0.720928,-1257.715576,3
15.985654,1.500000,-0.598739,-1359.169067,3
16.001280,1.062500,-0.598739,-1427.360229,3
16.016907,1.000000,-0.598739,-1470.705200,3
16.016907,0.750000,-0.476550,-1632.897949,3
15.985654,0.500000,-0.476550,-1740.831421,3
15.985654,0.062500,-0.354361,-2023.906006,3
16.032532,-0.250000,-0.354361,-2229.555420,3
16.032532,-0.625000,-0.109983,-2727.896484,3
16.016907,-0.750000,-0.109983,-3804.185059,3
16.048159,-0.812500,0.012206,-6834.059082,3
16.032532,-0.937500,0.134395,-14697.975586,3
16.048159,-1.000000,0.134395,14697.975586,3
16.048159,-1.125000,0.134395,9912.316406,3
16.016907,-1.125000,0.134395,8323.009766,3
16.016907,-1.125000,0.256584,7635.779297,3
16.048159,-1.125000,0.256584,5173.347656,3
16.048159,-1.250000,0.134395,5765.210938,3
16.079411,-1.312500,0.256584,4596.747559,3
16.095037,-1.625000,0.256584,4114.791504,3
16.110664,-2.125000,0.256584,3881.400635,3
16.126289,-2.250000,0.256584,3759.866455,3
16.141916,-2.312500,0.378773,3060.022217,3
16.141916,-2.312500,0.500962,2395.444092,3
16.126289,-2.312500,0.623151,1900.198120,3
16.110664,-2.312500,0.623151,1698.203613,3
16.110664,-2.312500,0.623151,1601.468018,3
16.126289,-2.312500,0.623151,1548.238159,3
16.126289,-2.312500,0.500962,1519.887695,3
16.141916,-2.312500,0.500962,1643.654785,3
16.173168,-2.125000,0.623151,1575.182129,3
16.173168,-2.125000,0.623151,1536.634888,3
16.188795,-2.125000,0.623151,1515.256592,3
16.188795,-2.125000,0.500962,1642.613892,3
16.157543,-2.000000,0.378773,1904.821899,3
16.188795,-2.000000,0.378773,2105.388184,3
16.188795,-2.000000,0.378773,2236.184082,3
16.188795,-1.937500,0.500962,2056.324707,3
16.204422,-1.812500,0.623151,1964.282715,3
16.220047,-1.750000,0.500962,1918.518799,3
16.235674,-1.500000,0.378773,2116.398438,3
16.235674,-1.437500,0.256584,2570.908936,3
16.235674,-1.437500,0.378773,2933.309570,3
16.251299,-1.437500,0.378773,2712.102539,3
16.220047,-1.437500,0.256584,3032.019775,3
16.235674,-1.437500,0.256584,3263.846924,3
16.251299,-1.437500,0.378773,2867.374023,3
16.282553,-1.437500,0.256584,3152.810547,3
16.313805,-1.437500,0.256584,3345.206787,3
16.298178,-1.437500,0.378773,2903.825684,3
16.345057,-1.312500,0.256584,3187.216064,3
16.345057,-1.250000,0.256584,3369.598389,3
16.329432,-0.812500,0.378773,2917.692383,3
16.376310,-0.312500,0.378773,2714.342529,3
16.345057,0.562500,0.134395,3665.651855,3
16.345057,1.000000,0.134395,4600.735840,3
16.345057,1.250000,-0.232172,15013.137695,3
16.376310,1.250000,-0.354361,-8108.625488,3
16.391935,1.250000,-0.476550,-3477.339355,3
16.376310,1.187500,-0.476550,-2618.371826,3
16.423189,1.187500,-0.598739,-2039.664551,3
16.407562,1.187500,-0.476550,-2009.387085,3
16.423189,1.062500,-0.354361,-2244.610352,3
16.423189,1.062500,-0.354361,-2403.989502,3
16.423189,1.000000,-0.476550,-2199.108398,3
16.438814,0.750000,-0.354361,-2376.319092,3
16.438814,0.687500,-0.354361,-2489.449951,3
16.470068,0.562500,-0.232172,-2990.296143,3
16.470068,0.562500,-0.232172,-3373.135986,3
16.470068,0.562500,-0.232172,-3638.970703,3
16.501320,0.562500,-0.232172,-3817.806885,3
16.501320,0.562500,-0.232172,-3923.258545,3
16.501320,0.562500,-0.232172,-3265.849609,3
16.501320,0.562500,-0.109983,-4450.118164,3
16.501320,0.562500,-0.109983,-5614.726563,3
16.532572,0.562500,-0.109983,-4832.415527,3
16.516947,0.687500,-0.354361,-4475.139160,3
16.516947,0.687500,-0.232172,-4294.277344,3
16.532572,0.687500,-0.232172,-4201.539063,3
16.548199,0.687500,-0.232172,-4152.230957,3
16.563826,0.687500,-0.232172,-4126.383301,3
16.563826,0.750000,-0.232172,-4109.642578,3
16.595078,0.750000,-0.354361,-4100.182129,3
16.595078,0.750000,-0.354361,-3341.658203,3
16.610704,0.750000,-0.354361,-3024.111572,3
16.626329,0.750000,-0.354361,-2867.983398,3
16.626329,0.750000,-0.354361,-2788.870850,3
16.626329,0.750000,-0.354361,-2744.486328,3
16.626329,0.750000,-0.354361,-2722.460938,3
16.641956,0.750000,-0.354361,-2708.700439,3
16.641956,0.750000,-0.354361,-2700.958008,3
16.657583,0.750000,-0.354361,-2699.115234,3
16.641956,0.750000,-0.232172,-2696.639404,3
16.626329,0.750000,-0.232172,-3162.106445,3
16.641956,0.750000,-0.232172,-3513.919922,3
16.626329,0.750000,-0.232172,-3751.921875,3
16.641956,0.687500,-0.232172,-3895.650146,3
16.641956,0.687500,-0.354361,-3263.256104,3
16.610704,0.562500,-0.354361,-2985.516113,3
16.626329,0.562500,-0.232172,-3384.237793,3
16.610704,0.500000,-0.354361,-3040.848877,3
16.626329,0.375000,-0.354361,-2879.102295,3
16.610704,0.250000,-0.232172,-3302.184326,3
16.579451,0.187500,-0.232172,-3597.934082,3
16.610704,0.062500,-0.109983,-4820.256836,3
16.610704,-0.125000,-0.109983,-5955.066895,3
16.595078,-0.250000,-0.109983,-6886.995117,3
16.595078,-0.312500,-0.109983,-7545.857910,3
16.595078,-0.500000,-0.109983,-7976.629883,3
16.595078,-0.500000,0.012206,-15213.694336,3
16.548199,-0.625000,0.134395,15170.717773,3
16.595078,-0.750000,0.134395,10163.960938,3
16.579451,-0.750000,0.134395,8544.395508,3
16.548199,-0.812500,0.134395,7824.176270,3
16.563826,-1.000000,0.256584,5284.935059,3
16.579451,-1.125000,0.256584,5928.229004,3
16.579451,-1.312500,0.378773,3730.537109,3
16.563826,-1.437500,0.378773,3080.962402,3
16.532572,-1.437500,0.378773,2808.273926,3
16.563826,-1.500000,0.378773,2666.508057,3
16.532572,-1.750000,0.256584,3025.070068,3
16.501320,-1.812500,0.378773,2769.716553,3
16.516947,-2.000000,0.378773,2647.487061,3
16.516947,-2.125000,0.378773,2581.265625,3
16.501320,-2.437500,0.500962,2227.820068,3
16.516947,-2.625000,0.623151,1854.371460,3
16.501320,-2.812500,0.745340,1547.114746,3
16.501320,-2.812500,0.745340,1413.612305,3
16.516947,-2.937500,0.745340,1348.574951,3
16.501320,-2.937500,0.745340,1312.256836,3
16.516947,-3.000000,0.745340,1294.298340,3
16.516947,-3.125000,0.745340,1283.608887,3
16.485693,-3.250000,0.623151,1373.847046,3
16.470068,-3.437500,0.745340,1324.041138,3
16.470068,-3.500000,0.867529,1211.097290,3
16.470068,-3.500000,0.867529,1152.771240,3
16.454441,-3.750000,0.867529,1123.037720,3
16.423189,-3.750000,0.867529,1105.691284,3
16.470068,-3.812500,0.989718,1099.708008,3
16.454441,-3.812500,0.989718,1030.838013,3
16.470068,-3.937500,0.989718,996.663696,3
16.454441,-3.937500,0.989718,976.743835,3
16.454441,-3.937500,0.989718,966.232178,3
16.454441,-3.937500,0.867529,1014.511780,3
16.423189,-4.000000,0.989718,985.147888,3
16.454441,-4.000000,1.111907,971.948486,3
16.438814,-4.000000,1.111907,962.638306,3
16.423189,-4.000000,1.111907,908.626404,3
16.470068,-4.000000,0.989718,927.116577,3
16.423189,-4.125000,0.867529,988.083313,3
16.438814,-4.125000,0.989718,972.661743,3
16.485693,-4.250000,1.111907,917.028442,3
16.454441,-4.250000,0.989718,928.245117,3
16.454441,-4.250000,0.989718,940.084045,3
16.423189,-4.312500,1.111907,896.540405,3
16.423189,-4.312500,1.111907,874.301880,3
16.423189,-4.312500,1.111907,862.891663,3
16.470068,-4.312500,1.111907,857.669006,3
16.470068,-4.312500,1.111907,853.801392,3
16.470068,-4.312500,1.111907,851.610107,3
16.501320,-4.312500,1.111907,851.976563,3
16.470068,-4.312500,1.111907,849.654846,3
16.516947,-4.312500,1.234097,812.444946,3
16.516947,-4.312500,1.234097,792.596802,3
16.516947,-4.437500,1.234097,781.312561,3
16.516947,-4.437500,1.234097,776.484192,3
16.516947,-4.437500,1.234097,739.775391,3
16.532572,-4.437500,1.111907,784.687012,3
16.516947,-4.437500,1.111907,812.300659,3
16.501320,-4.437500,1.111907,827.317017,3
16.548199,-4.437500,1.111907,839.456604,3
16.532572,-4.437500,1.234097,806.502014,3
16.548199,-4.500000,1.234097,790.002930,3
16.563826,-4.750000,1.234097,781.236389,3
16.579451,-4.750000,1.234097,776.655823,3
16.579451,-4.812500,1.356286,740.455688,3
16.532572,-4.812500,1.356286,752.927734,3
16.579451,-4.812500,1.356286,729.706055,3
16.595078,-4.812500,1.356286,716.768433,3
16.595078,-4.812500,1.356286,710.280762,3
16.610704,-4.937500,1.600664,680.252380,3
16.641956,-4.937500,1.478475,665.200745,3
16.641956,-4.937500,1.478475,656.891235,3
16.657583,-5.000000,1.600664,629.186584,3
16.641956,-5.000000,1.478475,635.571838,3
16.735714,-5.125000,1.356286,642.011292,3
16.704460,-5.312500,1.600664,641.909912,3
16.704460,-5.437500,1.600664,623.338989,3
16.673208,-5.500000,1.600664,611.495178,3
16.720087,-5.625000,1.600664,606.422485,3
16.704460,-5.812500,1.722853,602.961243,3
16.704460,-6.000000,1.722853,581.123352,3
16.751339,-6.125000,1.722853,570.261658,3
16.704460,-6.125000,1.722853,563.484009,3
16.735714,-6.312500,1.967231,528.220581,3
16.751339,-6.312500,1.967231,510.148376,3
16.766966,-6.312500,1.845042,513.994324,3
16.782593,-6.312500,1.967231,503.486481,3
16.798218,-6.312500,1.967231,496.985291,3
16.813845,-6.312500,1.967231,494.303589,3
16.798218,-6.250000,1.845042,506.557922,3
16.829472,-6.250000,1.845042,513.454407,3
16.813845,-6.125000,1.845042,516.939941,3
16.813845,-6.000000,1.845042,519.200684,3
16.829472,-5.812500,1.722853,536.429016,3
16.829472,-5.500000,1.722853,546.347839,3
16.829472,-4.812500,1.845042,552.099426,3
16.829472,-4.437500,1.722853,555.393616,3
16.829472,-3.937500,1.600664,574.445129,3
16.845097,-3.812500,1.478475,606.914368,3
16.829472,-3.750000,1.234097,672.074524,3
16.860723,-3.750000,1.234097,717.182678,3
16.860723,-3.750000,1.234097,744.474915,3
16.891975,-3.750000,1.111907,795.726868,3
16.891975,-3.812500,1.111907,826.805786,3
16.860723,-3.812500,1.111907,845.367065,3
16.891975,-3.812500,1.234097,856.171997,3
16.860723,-3.812500,0.989718,903.783386,3
16.876350,-3.937500,1.111907,934.932007,3
16.860723,-4.000000,1.111907,904.384888,3
16.876350,-4.125000,1.111907,886.058533,3
16.907602,-4.125000,1.111907,882.242493,3
16.891975,-4.437500,1.478475,794.342346,3
16.829472,-4.750000,1.356286,756.787781,3
16.845097,-5.000000,1.111907,802.122375,3
16.907602,-5.250000,1.234097,793.977417,3
16.891975,-5.312500,1.478475,756.745361,3
16.860723,-5.312500,1.600664,680.833130,3
16.876350,-5.437500,1.600664,623.618774,3
16.845097,-5.500000,1.600664,613.487000,3
16.860723,-6.000000,1.600664,630.073792,3
16.845097,-6.312500,1.600664,617.946594,3
16.829472,-7.000000,1.722853,590.266052,3
16.845097,-7.437500,1.845042,559.476440,3
16.798218,-7.937500,2.089420,510.889709,3
16.813845,-8.250000,2.211609,488.139618,3
16.766966,-8.250000,2.333798,463.325836,3
16.798218,-8.312500,2.578176,419.260315,3
16.766966,-8.312500,2.700365,389.340302,3
16.782593,-8.312500,2.578176,381.841522,3
16.829472,-8.312500,2.578176,370.856781,3
16.798218,-8.437500,2.700365,364.239044,3
16.813845,-8.500000,2.578176,368.490204,3
16.813845,-8.500000,2.578176,370.732910,3
16.813845,-8.625000,2.578176,372.009216,3
16.798218,-8.625000,2.455986,372.385651,3
16.766966,-8.625000,2.578176,372.100098,3
16.782593,-8.625000,2.578176,372.677612,3
16.766966,-8.625000,2.822554,357.706787,3
16.766966,-8.625000,2.700365,356.860352,3
16.751339,-8.625000,2.578176,356.716064,3
16.766966,-8.625000,2.578176,363.278839,3
16.798218,-8.625000,2.700365,360.303833,3
16.766966,-8.625000,2.700365,358.127838,3
16.798218,-8.625000,2.700365,357.761017,3
16.751339,-8.625000,2.700365,356.516571,3
16.751339,-8.625000,2.578176,355.858765,3
16.766966,-8.625000,2.455986,370.617981,3
16.766966,-8.625000,2.578176,371.144165,3
16.798218,-8.625000,2.700365,365.147949,3
16.766966,-8.500000,2.700365,360.629395,3
16.798218,-8.500000,2.700365,359.162140,3
16.766966,-8.500000,2.700365,357.634521,3
16.766966,-8.500000,2.700365,356.632568,3
16.782593,-8.437500,2.578176,363.768341,3
16.751339,-8.437500,2.455986,367.378296,3
16.798218,-8.437500,2.578176,370.338348,3
16.782593,-8.437500,2.578176,371.287567,3
16.813845,-8.125000,2.700365,364.514771,3
16.813845,-7.937500,2.578176,368.844513,3
16.798218,-7.500000,2.455986,377.989746,3
16.813845,-7.250000,2.333798,392.854309,3
16.798218,-6.812500,2.211609,410.033356,3
16.829472,-6.750000,2.211609,421.436859,3
16.813845,-6.437500,2.211609,427.276550,3
16.798218,-6.250000,1.967231,440.553558,3
16.845097,-6.125000,1.845042,473.319427,3
16.782593,-6.125000,1.845042,492.505554,3
16.845097,-6.125000,1.845042,506.515533,3
16.813845,-6.125000,1.845042,512.676025,3
16.845097,-6.250000,1.845042,516.767212,3
16.829472,-6.312500,1.722853,534.963989,3
16.813845,-6.312500,1.845042,528.047791,3
16.829472,-6.437500,1.967231,511.593018,3
16.798218,-6.437500,1.967231,501.097137,3
16.845097,-6.437500,1.845042,496.326355,3
16.813845,-6.437500,1.722853,522.930847,3
16.813845,-6.437500,1.967231,507.387054,3
16.766966,-6.437500,2.089420,483.902832,3
16.673208,-6.437500,1.845042,496.942444,3
16.688835,-6.312500,1.722853,520.863159,3
16.688835,-6.312500,1.722853,535.151550,3
16.751339,-6.125000,1.722853,543.595154,3
16.766966,-5.812500,1.967231,519.384949,3
16.860723,-5.437500,1.967231,508.171478,3
16.891975,-5.437500,1.845042,500.098175,3
16.876350,-5.500000,1.722853,525.206482,3
16.891975,-5.625000,1.722853,541.196716,3
16.798218,-5.750000,1.845042,532.326599,3
16.766966,-5.750000,1.722853,541.598145,3
16.735714,-5.750000,1.478475,565.092468,3
16.720087,-5.750000,1.356286,618.139893,3
16.720087,-5.750000,1.356286,680.881775,3
16.923229,-5.750000,1.600664,648.651489,3
16.798218,-5.812500,1.845042,584.201599,3
16.970108,-5.812500,1.845042,543.812866,3
16.891975,-6.500000,1.722853,547.510254,3
16.813845,-7.125000,1.722853,552.542542,3
16.720087,-7.312500,1.967231,523.723633,3
16.813845,-7.437500,1.967231,508.066376,3
16.798218,-7.437500,1.967231,498.977966,3
16.766966,-7.437500,2.089420,480.884552,3
16.798218,-7.437500,2.089420,472.768616,3
16.782593,-7.500000,2.211609,454.980011,3
16.845097,-7.750000,2.211609,447.596771,3
16.813845,-7.812500,2.333798,432.064056,3
16.845097,-7.812500,2.211609,433.550812,3
16.845097,-7.812500,2.211609,435.025818,3
16.845097,-8.000000,2.211609,424.994690,3
16.876350,-8.125000,2.455986,411.341644,3
16.845097,-8.250000,2.455986,411.879578,3
16.829472,-8.312500,2.578176,394.249634,3
16.813845,-8.500000,2.455986,394.269226,3
16.845097,-8.625000,2.455986,393.504639,3
16.860723,-8.812500,2.455986,393.644867,3
16.845097,-8.812500,2.455986,393.883118,3
16.907602,-8.937500,2.700365,377.378815,3
16.860723,-8.937500,2.822554,361.000641,3
16.845097,-8.937500,2.700365,359.907959,3
16.876350,-8.937500,2.578176,366.384247,3
16.845097,-8.812500,2.578176,369.439667,3
16.891975,-8.750000,2.700365,365.095032,3
16.860723,-8.500000,2.700365,361.809662,3
16.876350,-8.312500,2.700365,360.172516,3
16.860723,-7.812500,2.700365,358.926178,3
16.845097,-7.312500,2.578176,358.414429,3
16.891975,-6.437500,2.455986,366.050049,3
16.845097,-5.937500,2.211609,393.127625,3
16.907602,-5.625000,2.089420,421.315735,3
16.907602,-5.625000,1.967231,450.282135,3
16.923229,-5.750000,1.845042,466.498535,3
16.876350,-5.812500,1.722853,503.992004,3
16.860723,-6.000000,1.722853,512.593506,3
16.923229,-6.437500,1.722853,534.333008,3
16.845097,-6.812500,1.845042,528.010010,3
16.876350,-7.000000,1.967231,511.924774,3
16.876350,-7.125000,1.967231,502.801453,3
16.860723,-7.125000,2.089420,484.041290,3
16.891975,-7.125000,2.089420,476.050659,3
16.782593,-7.125000,2.211609,455.087402,3
16.860723,-7.125000,2.211609,448.472809,3
16.798218,-7.125000,2.089420,452.501404,3
16.829472,-7.125000,2.089420,456.019043,3
16.813845,-7.125000,2.089420,458.454895,3
16.813845,-7.000000,2.211609,448.198425,3
16.845097,-7.000000,2.211609,443.431183,3
16.751339,-7.000000,2.089420,450.906647,3
16.860723,-7.000000,2.211609,445.095764,3
16.782593,-7.000000,2.089420,440.220001,3
16.798218,-7.000000,1.967231,460.084900,3
16.798218,-7.000000,1.967231,472.366608,3
16.735714,-7.000000,2.089420,465.463348,3
16.766966,-7.000000,2.089420,463.893707,3
16.720087,-7.000000,2.089420,460.570465,3
16.735714,-7.000000,2.211609,448.666901,3
16.704460,-7.000000,2.089420,453.501038,3
